depth,ioi_vanilla,ioi_ig,greater-than_vanilla,greater-than_ig,gender-bias_vanilla,gender-bias_ig,sva_vanilla,sva_ig,fact-retrieval-comma_vanilla,fact-retrieval-comma_ig,hypernymy-comma_vanilla,hypernymy-comma_ig
1,0.0,0.0,0.0,1.0,0.0,1.0,0.0,1.0,0.0,1.0,0.0,1.0
2,0.25,0.5,0.5,1.0,0.25,1.0,0.25,0.75,0.25,1.0,0.25,1.0
3,0.3888889253139496,0.6666666865348816,0.6666666865348816,0.8888888955116272,0.5,1.0,0.3888889253139496,0.8333333134651184,0.3888889253139496,1.0,0.3888889253139496,1.0
4,0.4791666865348816,0.75,0.75,0.9166666865348816,0.5625,0.9375,0.4791666865348816,0.8125,0.4791666865348816,1.0,0.4791666865348816,1.0
5,0.5433333516120911,0.800000011920929,0.800000011920929,0.9333333969116211,0.6100000143051147,0.9100000262260437,0.5433333516120911,0.8500000238418579,0.503333330154419,0.9600000381469727,0.5433333516120911,0.9600000381469727
6,0.5638889074325562,0.805555522441864,0.805555522441864,0.9166666865348816,0.675000011920929,0.8972222208976746,0.5916666388511658,0.875,0.5583333373069763,0.9666666984558105,0.5916666388511658,0.9388888478279114
7,0.5853741765022278,0.8129252195358276,0.8129252195358276,0.9081632494926453,0.701020359992981,0.871088445186615,0.6295918226242065,0.8928571343421936,0.6010203957557678,0.9714285731315613,0.6295918226242065,0.9068027138710022
8,0.6059523820877075,0.805059552192688,0.820684552192688,0.9040179252624512,0.7071428894996643,0.8715774416923523,0.6602678298950195,0.890625,0.6352678537368774,0.9593750238418579,0.6602678298950195,0.8872024416923523
9,0.6250441074371338,0.802028238773346,0.8282628059387207,0.902336835861206,0.7149912118911743,0.8735009431838989,0.6856701970100403,0.8904321193695068,0.6634480357170105,0.9515431523323059,0.6856701970100403,0.8750441074371338
10,0.632539689540863,0.8018254041671753,0.8354365229606628,0.9021031260490417,0.7234920859336853,0.876150906085968,0.7071031928062439,0.8913888931274414,0.6771032214164734,0.9363889694213867,0.6971032023429871,0.8775397539138794
11,0.6328873634338379,0.803312361240387,0.8421323895454407,0.8944739699363708,0.732100248336792,0.8708809018135071,0.7254657745361328,0.8847337365150452,0.6899285316467285,0.9173783659934998,0.7081103920936584,0.8721435070037842
12,0.6357023119926453,0.8058140277862549,0.848343551158905,0.8893788456916809,0.7405362725257874,0.860807478427887,0.7413991093635559,0.8735058903694153,0.6949345469474792,0.9103745818138123,0.7185456156730652,0.8689092993736267
13,0.6400565505027771,0.8089171051979065,0.848175048828125,0.8860538005828857,0.748660683631897,0.8537630438804626,0.7553743124008179,0.8654846549034119,0.7065667510032654,0.8995173573493958,0.7283615469932556,0.8671588897705078
14,0.6504606604576111,0.8123617768287659,0.85391765832901,0.8839887976646423,0.7564094662666321,0.8438004851341248,0.7677454948425293,0.859786868095398,0.7173221707344055,0.8913885354995728,0.7324581742286682,0.8664434552192688
15,0.6559855341911316,0.8115376830101013,0.8547676205635071,0.8828340172767639,0.7593154907226562,0.8364359736442566,0.7787846922874451,0.855800986289978,0.7228339910507202,0.8808515667915344,0.7369609475135803,0.8620139360427856
16,0.6618614196777344,0.8155041337013245,0.8560321927070618,0.8823444247245789,0.7626395225524902,0.8310337662696838,0.7887043952941895,0.853094756603241,0.728438138961792,0.8726733326911926,0.7377759218215942,0.8589193224906921
17,0.6679111123085022,0.8194364309310913,0.8575804829597473,0.8788847327232361,0.766221284866333,0.8271321058273315,0.7976733446121216,0.8513556122779846,0.7305715084075928,0.8663222789764404,0.7393600344657898,0.8568375110626221
18,0.670928418636322,0.8232948780059814,0.859319806098938,0.8763540387153625,0.7699496746063232,0.8274766206741333,0.8058273196220398,0.8503543734550476,0.73319411277771,0.8583167195320129,0.7414942979812622,0.8524453639984131
19,0.6716274619102478,0.8270549774169922,0.858413815498352,0.8773215413093567,0.7737473845481873,0.8282465934753418,0.8132768273353577,0.8471500873565674,0.7333860993385315,0.8491532206535339,0.7412495017051697,0.8463610410690308
20,0.6730461120605469,0.8282022476196289,0.8554931879043579,0.8759554624557495,0.7775600552558899,0.8293342590332031,0.8176130056381226,0.8447925448417664,0.7342168092727661,0.8416956067085266,0.741686999797821,0.8390428423881531
21,0.6727423071861267,0.8295804262161255,0.851036548614502,0.8750596642494202,0.7813497185707092,0.8283909559249878,0.8217629790306091,0.843113124370575,0.7332676649093628,0.8378960490226746,0.7426497936248779,0.8308345079421997
22,0.6731548309326172,0.8311283588409424,0.8474770188331604,0.8724743127822876,0.7830238938331604,0.8279268145561218,0.8236663341522217,0.8419799208641052,0.7309291362762451,0.8328676819801331,0.7440168857574463,0.8219948410987854
23,0.6741329431533813,0.8327995538711548,0.842766284942627,0.8685671091079712,0.784896194934845,0.825956404209137,0.8256619572639465,0.8412889242172241,0.731285572052002,0.8269017934799194,0.7456947565078735,0.8146113753318787
24,0.6755580306053162,0.832821786403656,0.8371649384498596,0.8653628826141357,0.7869144082069397,0.8245276808738708,0.8294537663459778,0.8409574031829834,0.733801543712616,0.8219614624977112,0.747610330581665,0.806710958480835
25,0.6773356795310974,0.8315088748931885,0.8324783444404602,0.8627483248710632,0.7890378832817078,0.8235465288162231,0.8330756425857544,0.8393191695213318,0.7348494529724121,0.8162830471992493,0.7497059106826782,0.8000425100326538
26,0.6779115200042725,0.8305928707122803,0.830045759677887,0.8606308698654175,0.7912346124649048,0.82145756483078,0.83653724193573,0.83662348985672,0.7376511096954346,0.8100354671478271,0.7519361972808838,0.7929402589797974
27,0.6788668036460876,0.8300084471702576,0.8281099796295166,0.8589339256286621,0.7921079993247986,0.8198398351669312,0.8398479223251343,0.8344440460205078,0.740509033203125,0.8047254085540771,0.752893328666687,0.7882634401321411
28,0.6801317930221558,0.8284265398979187,0.8278713226318359,0.8575944304466248,0.794430673122406,0.818621039390564,0.8430166244506836,0.8327036499977112,0.7446745038032532,0.8002200126647949,0.7540654540061951,0.7843459248542786
29,0.6804601550102234,0.8272085785865784,0.8278614282608032,0.8553706407546997,0.796763002872467,0.8177411556243896,0.8448626399040222,0.831338107585907,0.7487226128578186,0.795218288898468,0.7554115653038025,0.7810807228088379
30,0.6811114549636841,0.8274126648902893,0.8269327878952026,0.8535249829292297,0.7990931272506714,0.8160386681556702,0.8455894589424133,0.830293595790863,0.7515429258346558,0.7909333109855652,0.7557867169380188,0.7794891595840454
31,0.6820329427719116,0.826736569404602,0.8262721300125122,0.8509658575057983,0.8014116883277893,0.8157293200492859,0.8464081287384033,0.8284838795661926,0.7533142566680908,0.7872714996337891,0.756380558013916,0.7782777547836304
32,0.6831803917884827,0.8253151178359985,0.8258416652679443,0.848787248134613,0.8037113547325134,0.8156283497810364,0.8473016023635864,0.8270077705383301,0.7551637291908264,0.7831771373748779,0.7571576833724976,0.7764174938201904
33,0.6845165491104126,0.8241806626319885,0.8265277743339539,0.8469415307044983,0.8050680756568909,0.8166239857673645,0.8473374843597412,0.8258219957351685,0.7570734024047852,0.7796465158462524,0.7580885887145996,0.7749282121658325
34,0.68687504529953,0.8224313855171204,0.8273047208786011,0.8453879356384277,0.8073410987854004,0.817692220211029,0.8466372489929199,0.824889600276947,0.7590279579162598,0.776611864566803,0.7591482996940613,0.772897481918335
35,0.6884745359420776,0.8201578259468079,0.8273409008979797,0.8440911173820496,0.809580385684967,0.8188193440437317,0.846121072769165,0.8233620524406433,0.7610149383544922,0.7731984853744507,0.7594991326332092,0.7712228298187256
36,0.6901835799217224,0.8189806342124939,0.8267357349395752,0.8430206775665283,0.8117834329605103,0.8207657337188721,0.8457658290863037,0.8228675127029419,0.762252151966095,0.7710108757019043,0.760778546333313,0.7698617577552795
37,0.6919828653335571,0.8187597990036011,0.8255748152732849,0.8428806066513062,0.8139485120773315,0.822688102722168,0.8455515503883362,0.8225415945053101,0.7628340721130371,0.7698951959609985,0.7621307373046875,0.7695075273513794
38,0.693855881690979,0.8193742036819458,0.8246248364448547,0.8428601622581482,0.816074550151825,0.8245841264724731,0.8454608917236328,0.8216714262962341,0.7635351419448853,0.7690253257751465,0.7635427713394165,0.769340455532074
39,0.6951311826705933,0.8200608491897583,0.8238619565963745,0.8422871828079224,0.8188181519508362,0.8264521360397339,0.8448212742805481,0.8209843039512634,0.7643386721611023,0.7677156925201416,0.7656610608100891,0.7693376541137695
40,0.695877730846405,0.8201843500137329,0.8232654333114624,0.841230034828186,0.8214727640151978,0.8276658058166504,0.8443256616592407,0.8204595446586609,0.7652302384376526,0.7666478157043457,0.767769455909729,0.7694791555404663
41,0.6967516541481018,0.8198109865188599,0.8228169679641724,0.8403433561325073,0.8234474658966064,0.8288946151733398,0.8439584374427795,0.8194845914840698,0.7661972641944885,0.7657956480979919,0.7698643207550049,0.7697477340698242
42,0.6977360248565674,0.819566011428833,0.8225004076957703,0.8390426635742188,0.8253834843635559,0.8301341533660889,0.843705415725708,0.8186807036399841,0.7672287821769714,0.7645692229270935,0.7713755369186401,0.7706948518753052
43,0.6982754468917847,0.8188946843147278,0.8217608332633972,0.8373776078224182,0.8272809982299805,0.8313803672790527,0.8435543179512024,0.8180298805236816,0.7683154344558716,0.7640952467918396,0.7723656296730042,0.7711599469184875
44,0.6994510293006897,0.8178454041481018,0.8206464648246765,0.8353917598724365,0.8286238312721252,0.8326299786567688,0.8429777026176453,0.8170003294944763,0.7694486975669861,0.7642913460731506,0.7739235162734985,0.7717121243476868
45,0.7006977796554565,0.8164612054824829,0.8196938633918762,0.8336175680160522,0.8304568529129028,0.8333863019943237,0.8425164222717285,0.8161287307739258,0.7706214785575867,0.764097273349762,0.7749967575073242,0.7728345990180969
46,0.7015332579612732,0.8147801160812378,0.8184149265289307,0.8320360779762268,0.8322521448135376,0.8337002396583557,0.8421592712402344,0.8149272799491882,0.7718272805213928,0.7635544538497925,0.7761074304580688,0.7735196948051453
47,0.7024513483047485,0.8132885694503784,0.8172988891601562,0.8301774859428406,0.8340104818344116,0.8336169719696045,0.8423488140106201,0.8138854503631592,0.7726077437400818,0.7627002596855164,0.7772495150566101,0.7742641568183899
48,0.703441858291626,0.8124041557312012,0.8163308501243591,0.828507125377655,0.8357325196266174,0.833611011505127,0.8425949215888977,0.8129885196685791,0.7734388709068298,0.7620015144348145,0.7784180045127869,0.7750607132911682
49,0.7044962048530579,0.8116512894630432,0.8154977560043335,0.8265925645828247,0.8374190330505371,0.833258330821991,0.8428918719291687,0.8122236132621765,0.7747306227684021,0.7614442706108093,0.7796081304550171,0.775486409664154
50,0.7052062153816223,0.8114181756973267,0.8151878118515015,0.8248607516288757,0.839470624923706,0.8325931429862976,0.8428339958190918,0.8115792274475098,0.7760360240936279,0.7610152959823608,0.780415952205658,0.7763766646385193
51,0.7059884071350098,0.8112711906433105,0.8153513669967651,0.8229122757911682,0.841080367565155,0.8320309519767761,0.8424554467201233,0.8110445737838745,0.7769672870635986,0.7607032060623169,0.7808769345283508,0.7776856422424316
52,0.7068348526954651,0.8115723133087158,0.8155739307403564,0.8211402893066406,0.8430270552635193,0.8319326639175415,0.8421568274497986,0.8102404475212097,0.7775580883026123,0.760867178440094,0.781392514705658,0.7786325216293335
53,0.7077383399009705,0.8119235038757324,0.8154937624931335,0.8198870420455933,0.8445648550987244,0.8318998217582703,0.8419309854507446,0.8091928958892822,0.7785511612892151,0.7611071467399597,0.78195720911026,0.7792493104934692
54,0.7083494663238525,0.8123199939727783,0.8151382207870483,0.8184213042259216,0.8457285761833191,0.8315833806991577,0.841428816318512,0.808268129825592,0.7799085974693298,0.7610729336738586,0.7825656533241272,0.7795649766921997
55,0.7093546986579895,0.8127571940422058,0.8148629069328308,0.8170946836471558,0.8465500473976135,0.8313397765159607,0.841336727142334,0.8077872395515442,0.7812656164169312,0.761119544506073,0.7832132577896118,0.7796059250831604
56,0.7100805044174194,0.8132308125495911,0.8146613240242004,0.8158965706825256,0.8476957678794861,0.8311628699302673,0.8413000702857971,0.8073930740356445,0.7826205492019653,0.7609210014343262,0.7835768461227417,0.7797150611877441
57,0.7105500102043152,0.8137373924255371,0.8142194151878357,0.8148173689842224,0.8485210537910461,0.8313547968864441,0.8410064578056335,0.8067708611488342,0.7836641669273376,0.760498583316803,0.7836803197860718,0.7798863053321838
58,0.7110815644264221,0.8139761686325073,0.8141525983810425,0.8138484954833984,0.8496464490890503,0.8312897682189941,0.8404777646064758,0.8059406876564026,0.7847186923027039,0.7604662179946899,0.7838427424430847,0.7798168063163757
59,0.7119566798210144,0.8142563104629517,0.814429759979248,0.8126944899559021,0.8510457873344421,0.8312765955924988,0.840021550655365,0.8052079677581787,0.7854948043823242,0.7605042457580566,0.7843464612960815,0.7795270085334778
60,0.7131462097167969,0.8145743012428284,0.8144671320915222,0.8113718032836914,0.8524172306060791,0.8313109278678894,0.8393545746803284,0.8045656681060791,0.7860143780708313,0.7606070041656494,0.7848851084709167,0.7790348529815674
61,0.7143550515174866,0.8146578669548035,0.814552366733551,0.8098954558372498,0.8534928560256958,0.8316575288772583,0.8387631177902222,0.8040071129798889,0.7865661382675171,0.7605003118515015,0.7854553461074829,0.778626024723053
62,0.7155802845954895,0.8147855997085571,0.814681887626648,0.808539092540741,0.8545551896095276,0.8320314884185791,0.8382419943809509,0.8035262227058411,0.7871469855308533,0.7604610323905945,0.7860541939735413,0.7780342698097229
63,0.7165675759315491,0.8149541020393372,0.8146000504493713,0.8075469732284546,0.8556039929389954,0.8324300646781921,0.8377861976623535,0.8031175136566162,0.788006067276001,0.7602319121360779,0.786678671836853,0.7772743105888367
64,0.7175782322883606,0.8151598572731018,0.8145671486854553,0.806647777557373,0.8566395044326782,0.8326069116592407,0.8373910188674927,0.8027758598327637,0.7886329293251038,0.7598279714584351,0.7873262166976929,0.7766039371490479
65,0.7188462615013123,0.8154000639915466,0.8143430948257446,0.805835485458374,0.8576616644859314,0.8325785994529724,0.8370524644851685,0.8022598028182983,0.7892811894416809,0.7592625617980957,0.7882312536239624,0.775780439376831
66,0.7198922038078308,0.8154421448707581,0.8139421343803406,0.8048747181892395,0.8589000105857849,0.8325900435447693,0.8367664813995361,0.8015828132629395,0.789948582649231,0.7587778568267822,0.7891442179679871,0.7750454545021057
67,0.7209542393684387,0.8153007626533508,0.8136004209518433,0.8040000200271606,0.8601149320602417,0.8324154615402222,0.8365296125411987,0.8007572293281555,0.7906333208084106,0.7585911750793457,0.7898409366607666,0.7746159434318542
68,0.7220301628112793,0.8149892687797546,0.8133138418197632,0.8029896020889282,0.86130690574646,0.8325011134147644,0.836554765701294,0.8000108003616333,0.7911170721054077,0.7584648132324219,0.7903362512588501,0.7742539644241333
69,0.7231181263923645,0.8145199418067932,0.8128688335418701,0.8018540740013123,0.8622667789459229,0.8326181769371033,0.836823046207428,0.7993384599685669,0.7916238903999329,0.7583946585655212,0.7908543944358826,0.7739549875259399
70,0.7242164611816406,0.8141084313392639,0.8124809861183167,0.8008071780204773,0.8632140159606934,0.8325604200363159,0.8371133804321289,0.7987356781959534,0.791947603225708,0.7581726908683777,0.791597306728363,0.7737147808074951
71,0.725323498249054,0.8139494061470032,0.8121464252471924,0.7996452450752258,0.8643471002578735,0.832339882850647,0.8374238610267639,0.7981980443000793,0.7922990918159485,0.757809579372406,0.7923504710197449,0.7733312249183655
72,0.7262448668479919,0.8140257596969604,0.8118619918823242,0.7987627983093262,0.8654595613479614,0.8321607112884521,0.8375599384307861,0.7977215647697449,0.7924830913543701,0.7577011585235596,0.793112576007843,0.7730071544647217
73,0.7269924879074097,0.8139462471008301,0.8116244673728943,0.7977664470672607,0.86655193567276,0.8318327069282532,0.8379086256027222,0.7973023653030396,0.7926986813545227,0.7576426267623901,0.7938824892044067,0.7725513577461243
74,0.7279425263404846,0.813721239566803,0.8112481832504272,0.7968469858169556,0.8676248788833618,0.8315486907958984,0.8382729291915894,0.7969370484352112,0.7927608489990234,0.7574480175971985,0.7946591377258301,0.77197265625
75,0.7289033532142639,0.8133605122566223,0.8109204769134521,0.7960001230239868,0.8688564896583557,0.8311280012130737,0.8386514186859131,0.7966223359107971,0.7928573489189148,0.7571263909339905,0.7954414486885071,0.7714574337005615
76,0.7300465703010559,0.8130462169647217,0.8106382489204407,0.7950485944747925,0.8700626492500305,0.8307530879974365,0.839043140411377,0.7961820363998413,0.7929859757423401,0.7566863894462585,0.7960554361343384,0.7711750864982605
77,0.7310225963592529,0.8127755522727966,0.8105675578117371,0.7939997315406799,0.8712441325187683,0.8304210901260376,0.8394469022750854,0.7957931160926819,0.7931445240974426,0.7563043832778931,0.7966800928115845,0.7707736492156982
78,0.7318410873413086,0.8123816251754761,0.8105307221412659,0.7930247187614441,0.872401773929596,0.8301297426223755,0.8400259613990784,0.7956169247627258,0.7933310270309448,0.7558126449584961,0.7971500158309937,0.7704251408576965
79,0.7325116395950317,0.8120326995849609,0.81052565574646,0.7919594049453735,0.8735362887382507,0.8297163844108582,0.8406088948249817,0.7954801917076111,0.7935436367988586,0.7552183866500854,0.7976347804069519,0.7701265215873718
80,0.7331990003585815,0.8117259740829468,0.810550332069397,0.7909661531448364,0.8744920492172241,0.8291886448860168,0.8411951065063477,0.7953803539276123,0.7937806248664856,0.754684329032898,0.7981330156326294,0.770031213760376
81,0.7337493300437927,0.8114593625068665,0.8104506134986877,0.7900412082672119,0.8754318356513977,0.8288587331771851,0.841783881187439,0.7953153848648071,0.7940402626991272,0.7540549635887146,0.7986437678337097,0.7701268792152405
82,0.7343193888664246,0.8112303614616394,0.8103825449943542,0.7890323400497437,0.8763560652732849,0.828566312789917,0.842374861240387,0.795283317565918,0.7943211793899536,0.7533362507820129,0.7991659641265869,0.7701044082641602
83,0.7347622513771057,0.8108917474746704,0.8103446364402771,0.7879452109336853,0.877410352230072,0.8283092379570007,0.8429675698280334,0.7952821254730225,0.7946218252182007,0.7525339722633362,0.7998437285423279,0.7701162695884705
84,0.735227108001709,0.8105921149253845,0.8103348612785339,0.786784827709198,0.8784445524215698,0.8280856013298035,0.8434197306632996,0.7953099012374878,0.7949409484863281,0.7517951726913452,0.8003841638565063,0.7701601982116699
85,0.735573947429657,0.8103291392326355,0.8103516697883606,0.7855561971664429,0.8793210387229919,0.8278936147689819,0.84373939037323,0.7953650951385498,0.7952772974967957,0.7509782314300537,0.800933301448822,0.7703728079795837
86,0.7360796928405762,0.810100793838501,0.8103935718536377,0.7842639684677124,0.8801833987236023,0.8275962471961975,0.844204306602478,0.79544597864151,0.7954944968223572,0.7502232193946838,0.8014903664588928,0.7706092000007629
87,0.7364708781242371,0.809905469417572,0.8103269338607788,0.7830443978309631,0.8810321092605591,0.8271998167037964,0.8446739315986633,0.7955512404441833,0.7955991625785828,0.7495269775390625,0.8019224405288696,0.7708677053451538
88,0.7368829250335693,0.8096120357513428,0.8104161620140076,0.7817649841308594,0.8817384839057922,0.8267099261283875,0.8450183868408203,0.7956792712211609,0.7955974340438843,0.7488867044448853,0.8022363781929016,0.7711471915245056
89,0.7371881008148193,0.8093525767326355,0.8105263710021973,0.7805559039115906,0.8824359774589539,0.8262583017349243,0.8453710079193115,0.7958288192749023,0.7954955101013184,0.7482995986938477,0.8025646209716797,0.771446168422699
90,0.7373921871185303,0.8091251850128174,0.8106563091278076,0.7794139385223389,0.8831249475479126,0.8257195949554443,0.8457310795783997,0.7958751916885376,0.7952985763549805,0.7476394772529602,0.8027831315994263,0.7717633843421936
91,0.7377420663833618,0.8089282512664795,0.8108049035072327,0.7782151699066162,0.883805513381958,0.8252196311950684,0.8459773063659668,0.7959446310997009,0.7950120568275452,0.7469106912612915,0.8030181527137756,0.7719771265983582
92,0.7382297515869141,0.8087603449821472,0.8108528852462769,0.7770814299583435,0.88435959815979,0.8247564435005188,0.8461155891418457,0.7959178686141968,0.7946410775184631,0.7462353706359863,0.8032689094543457,0.7722107172012329
93,0.738732099533081,0.8087354898452759,0.8109211921691895,0.7760098576545715,0.8849093317985535,0.8243283629417419,0.8461515307426453,0.7959154844284058,0.7943056225776672,0.7454953789710999,0.8035343885421753,0.7723477482795715
94,0.7393612265586853,0.8087331056594849,0.8110086917877197,0.7749974727630615,0.8854547142982483,0.8239337801933289,0.8463170528411865,0.7960494756698608,0.7938907742500305,0.7448077201843262,0.8038136959075928,0.772506058216095
95,0.7398887276649475,0.8087520599365234,0.8111144304275513,0.7741526365280151,0.8861063122749329,0.8234602212905884,0.8466051816940308,0.7962018251419067,0.7935119867324829,0.7441698312759399,0.8041059970855713,0.7726846933364868
96,0.740319550037384,0.8087911009788513,0.8111288547515869,0.7733585238456726,0.8867502212524414,0.8229120373725891,0.8469009399414062,0.7963716387748718,0.7930586338043213,0.7435795664787292,0.8044103980064392,0.7729909420013428
97,0.7408710718154907,0.8087429404258728,0.811269223690033,0.7726128697395325,0.8873863816261292,0.8223994970321655,0.8472038507461548,0.7965578436851501,0.7926412224769592,0.7429283261299133,0.8048325181007385,0.773205578327179
98,0.7415369153022766,0.8086121082305908,0.811424970626831,0.771809458732605,0.887910783290863,0.8219210505485535,0.8475134968757629,0.7967595458030701,0.7921541333198547,0.7422195672988892,0.8051580190658569,0.7734374403953552
99,0.7423110604286194,0.8084026575088501,0.8114931583404541,0.7709513902664185,0.8884308338165283,0.8214751482009888,0.8478293418884277,0.796873927116394,0.7917028069496155,0.7415584325790405,0.8053916096687317,0.7736852765083313
100,0.7429879903793335,0.8081185817718506,0.8115782141685486,0.7700419425964355,0.8888464570045471,0.8210604190826416,0.8481510877609253,0.7970051765441895,0.791185736656189,0.7409428358078003,0.8056377172470093,0.7738484144210815
101,0.7435720562934875,0.8078618049621582,0.8115812540054321,0.7690837383270264,0.8892607688903809,0.8205774426460266,0.8483802080154419,0.7970544099807739,0.7907044887542725,0.7402728199958801,0.8058955669403076,0.7740288972854614
102,0.7441636919975281,0.8076309561729431,0.8116022944450378,0.7682719230651855,0.8895775079727173,0.8201258182525635,0.8486170768737793,0.7971217632293701,0.7902573347091675,0.7395511865615845,0.806068480014801,0.7742259502410889
103,0.7446680665016174,0.8073306083679199,0.8115460872650146,0.7674111723899841,0.8898955583572388,0.8197041749954224,0.848861575126648,0.7971119284629822,0.7899371981620789,0.7389692068099976,0.8061603307723999,0.7744384407997131
104,0.745181679725647,0.807056725025177,0.8114166259765625,0.7666890621185303,0.8902146220207214,0.819311261177063,0.8491127490997314,0.7971211671829224,0.789738118648529,0.7384281158447266,0.8062676191329956,0.7746655941009521
105,0.7456130385398865,0.8067174553871155,0.8113079071044922,0.7659178972244263,0.8906252980232239,0.8188552260398865,0.8493705987930298,0.7970579862594604,0.7894730567932129,0.7378354072570801,0.8064800500869751,0.7749069333076477
106,0.7460549473762512,0.8063157796859741,0.8112189769744873,0.7651891708374023,0.8910341262817383,0.8184281587600708,0.8496347069740295,0.7969255447387695,0.7892341613769531,0.7372826337814331,0.8067036867141724,0.7751614451408386
107,0.7465066909790039,0.8058550357818604,0.8111491203308105,0.7645013332366943,0.8914410471916199,0.8179415464401245,0.849817156791687,0.7968145608901978,0.7890203595161438,0.7367681860923767,0.8069380521774292,0.7754284739494324
108,0.7469676733016968,0.8055092692375183,0.8110973238945007,0.7639384269714355,0.8918461203575134,0.817398190498352,0.8499217629432678,0.7967239618301392,0.7888305187225342,0.7362905144691467,0.8070967197418213,0.775707483291626
109,0.7474373579025269,0.8052735924720764,0.8111470341682434,0.7633265256881714,0.8922491669654846,0.8169691562652588,0.850036084651947,0.7966529726982117,0.7887477874755859,0.7358482480049133,0.8072671890258789,0.7759976983070374
110,0.7479152083396912,0.8051430583000183,0.8112109303474426,0.7627508640289307,0.8926501870155334,0.8165670037269592,0.8500771522521973,0.7966007590293884,0.7886848449707031,0.7355223298072815,0.8074491620063782,0.7762985825538635
111,0.7484006881713867,0.8050317168235779,0.8112885355949402,0.7622098326683044,0.8930492401123047,0.8161904215812683,0.8501291275024414,0.7965665459632874,0.7886406779289246,0.7351455092430115,0.8076417446136475,0.776609480381012
112,0.7489730715751648,0.8049390912055969,0.8113790154457092,0.7616225481033325,0.8934460282325745,0.8158386945724487,0.8502714037895203,0.7965493202209473,0.7885348200798035,0.7347201108932495,0.8078444600105286,0.7769299149513245
113,0.7496282458305359,0.8048640489578247,0.8114036917686462,0.761147677898407,0.8939191699028015,0.8154322504997253,0.8504217863082886,0.7965485453605652,0.7883700728416443,0.7344051003456116,0.8080570101737976,0.777259349822998
114,0.7503625154495239,0.8048829436302185,0.8115191459655762,0.7607036232948303,0.8943110704421997,0.8150506019592285,0.8505797386169434,0.796486496925354,0.7882258296012878,0.734041690826416,0.8082786798477173,0.7775204181671143
115,0.7510965466499329,0.8049161434173584,0.8115701675415039,0.760289192199707,0.8947764039039612,0.8146929144859314,0.8508203029632568,0.796517014503479,0.788101315498352,0.733707845211029,0.8085091710090637,0.7777915000915527
116,0.7518303394317627,0.8049628734588623,0.8117082715034485,0.7598289847373962,0.8951632380485535,0.8142838478088379,0.851065993309021,0.7965619564056396,0.7879958152770996,0.7333280444145203,0.808673620223999,0.7779978513717651
117,0.7524904012680054,0.8049497008323669,0.811783492565155,0.7593979239463806,0.8955479264259338,0.8138987421989441,0.8512431979179382,0.7966204881668091,0.7879085540771484,0.7329044342041016,0.8088478446006775,0.7782151103019714
118,0.7531515955924988,0.8049508333206177,0.8119421601295471,0.7589232921600342,0.8959304094314575,0.8135368227958679,0.8514265418052673,0.7966921925544739,0.7878386974334717,0.7324388027191162,0.8089595437049866,0.7783709764480591
119,0.753813624382019,0.8050363659858704,0.8120395541191101,0.7584775686264038,0.896310567855835,0.8131970167160034,0.8516157865524292,0.796776533126831,0.7878561615943909,0.7319332361221313,0.80908203125,0.7784680128097534
120,0.7544761896133423,0.8050638437271118,0.8121475577354431,0.7579901814460754,0.8966885805130005,0.8128787279129028,0.8518106341362,0.7968729138374329,0.7878182530403137,0.7314587831497192,0.8092842102050781,0.7785084843635559
121,0.7551392912864685,0.8051038980484009,0.8122657537460327,0.7574630975723267,0.8971326351165771,0.8125127553939819,0.8520108461380005,0.7969806790351868,0.7877277731895447,0.7310826778411865,0.8094943165779114,0.7785632014274597
122,0.755802571773529,0.8051561713218689,0.8123936057090759,0.756898045539856,0.8976398706436157,0.8122354745864868,0.8522160649299622,0.7970995306968689,0.787586510181427,0.7308010458946228,0.8097793459892273,0.7786986827850342
123,0.7563998699188232,0.8052200078964233,0.8125308156013489,0.7562967538833618,0.8980754613876343,0.8119112849235535,0.8523600101470947,0.7972288131713867,0.7874627113342285,0.7305440306663513,0.8100699782371521,0.7787792086601257
124,0.7569336295127869,0.805229902267456,0.8126769065856934,0.755725622177124,0.8984421491622925,0.8116071224212646,0.852445125579834,0.7973682880401611,0.7873556017875671,0.7303107380867004,0.8103659749031067,0.7788723111152649
125,0.7575342059135437,0.8052520751953125,0.812831461429596,0.755183756351471,0.8987426161766052,0.8112582564353943,0.8524734377861023,0.7974532842636108,0.7872647643089294,0.7301002144813538,0.8106670379638672,0.7789773941040039
126,0.7581357359886169,0.8053489327430725,0.8129942417144775,0.7546072602272034,0.8990423679351807,0.8108665943145752,0.8525735139846802,0.7976120114326477,0.7871895432472229,0.7298487424850464,0.8109729290008545,0.7790307998657227
127,0.758738100528717,0.8055176138877869,0.813102662563324,0.7540594935417175,0.8993412852287292,0.8104957938194275,0.8526804447174072,0.7977176308631897,0.7871292233467102,0.7295579314231873,0.8113453388214111,0.7791587114334106
128,0.7593413591384888,0.8056332468986511,0.8132200241088867,0.753539502620697,0.899639368057251,0.8101452589035034,0.8527936935424805,0.7978332042694092,0.7870222330093384,0.7292903661727905,0.8116595149040222,0.7792971134185791
129,0.7599449157714844,0.8058179020881653,0.813285768032074,0.7530463337898254,0.8999366760253906,0.8098142147064209,0.8529132604598999,0.797958254814148,0.786930501461029,0.7290453314781189,0.811977744102478,0.7793854475021362
130,0.7604897022247314,0.8060690760612488,0.8133611083030701,0.7525199055671692,0.9002329707145691,0.8094428777694702,0.8530387878417969,0.7980923056602478,0.7867943644523621,0.728762686252594,0.8122406601905823,0.7794849276542664
131,0.7610360383987427,0.8063257336616516,0.8134455680847168,0.7519617080688477,0.9005283713340759,0.8090910911560059,0.8531699776649475,0.7981767654418945,0.7866737246513367,0.7285023331642151,0.8125085234642029,0.779594898223877
132,0.7615264058113098,0.8065302968025208,0.8135388493537903,0.751430332660675,0.9008228182792664,0.8087582588195801,0.8533067107200623,0.7982709407806396,0.786510705947876,0.7282633781433105,0.812781035900116,0.7797724008560181
133,0.7619626522064209,0.8066847324371338,0.8136970400810242,0.7509248852729797,0.9011727571487427,0.8084436058998108,0.8534485697746277,0.7983177900314331,0.7863068580627441,0.7279886603355408,0.813114583492279,0.7799583673477173
134,0.7624024152755737,0.8068464398384094,0.8138622045516968,0.7503888607025146,0.9015204310417175,0.8082024455070496,0.8536511659622192,0.7983748912811279,0.7861194610595703,0.7276795506477356,0.8134511113166809,0.7801524996757507
135,0.762845516204834,0.8069604635238647,0.8140887022018433,0.7498235702514648,0.9018110036849976,0.807977020740509,0.8538573384284973,0.7983869910240173,0.7859479188919067,0.7273374199867249,0.8137904405593872,0.7803544402122498
136,0.7633458375930786,0.80702805519104,0.8143203258514404,0.7493383288383484,0.9021004438400269,0.8078210353851318,0.8540668487548828,0.798409640789032,0.7858458161354065,0.7269635200500488,0.8140782713890076,0.7805638313293457
137,0.7639011144638062,0.8071046471595764,0.8145568370819092,0.7489302754402161,0.9023888111114502,0.807625412940979,0.854279637336731,0.7984958291053772,0.7857040166854858,0.7265588045120239,0.814369797706604,0.7807801961898804
138,0.7644566893577576,0.807242214679718,0.8147453665733337,0.748491644859314,0.9026760458946228,0.807444155216217,0.854547917842865,0.7985907196998596,0.7855240106582642,0.7261773943901062,0.8146122097969055,0.7809510231018066
139,0.7650126218795776,0.8073867559432983,0.8149912357330322,0.748075544834137,0.9029104113578796,0.8072767853736877,0.8547661900520325,0.7986422777175903,0.7853072881698608,0.7258182168006897,0.8148590922355652,0.7811294794082642
140,0.7655176520347595,0.8075380325317383,0.8152923583984375,0.7476301193237305,0.9031957983970642,0.8071227073669434,0.8549872636795044,0.798651933670044,0.7851061224937439,0.7255317568778992,0.8151100277900696,0.7812643051147461
141,0.7660237550735474,0.8076456785202026,0.815596342086792,0.7472067475318909,0.9034799337387085,0.8069314360618591,0.8552109003067017,0.7986716032028198,0.7849703431129456,0.7252652049064636,0.8154153823852539,0.7814072370529175
142,0.7665308117866516,0.8077107667922974,0.8159030675888062,0.7468048930168152,0.9037132859230042,0.8067536950111389,0.8554370999336243,0.7987008094787598,0.7848480939865112,0.7250178456306458,0.815673828125,0.7815083265304565
143,0.7669898271560669,0.8078329563140869,0.8161635398864746,0.7464237809181213,0.9039464592933655,0.8065401315689087,0.8556655645370483,0.7987391948699951,0.7847388386726379,0.724740207195282,0.8159359097480774,0.7816181182861328
144,0.7674023509025574,0.8079617619514465,0.8164274096488953,0.7460628151893616,0.9042277932167053,0.8063403964042664,0.8558962345123291,0.7988346815109253,0.784642219543457,0.724481463432312,0.8162012696266174,0.7816879749298096
145,0.7678173184394836,0.8080971240997314,0.8166470527648926,0.7457689046859741,0.9045553207397461,0.8061539530754089,0.8561766743659973,0.7989378571510315,0.7845578789710999,0.7242413759231567,0.8164225220680237,0.7817190885543823
146,0.7682347893714905,0.8082387447357178,0.8168708682060242,0.7454460263252258,0.904880702495575,0.8059335350990295,0.8564580678939819,0.7990483045578003,0.78443843126297,0.7240189909934998,0.8166478276252747,0.7817598581314087
147,0.7686082720756531,0.8083399534225464,0.8170985579490662,0.7450952529907227,0.9052037596702576,0.8057265877723694,0.8567403554916382,0.7992122173309326,0.7842852473258972,0.7238139510154724,0.8168307542800903,0.7817636728286743
148,0.7689847350120544,0.8084022998809814,0.8172842860221863,0.744717538356781,0.905570387840271,0.805532693862915,0.8569778800010681,0.7993818521499634,0.7841448187828064,0.723580002784729,0.8170183300971985,0.7817316055297852
149,0.7694090604782104,0.8084720969200134,0.8174295425415039,0.7444038391113281,0.9059338569641113,0.8053514361381531,0.857262134552002,0.799602210521698,0.7840170860290527,0.7233180999755859,0.8172104358673096,0.7817100882530212
150,0.7698352336883545,0.8085044622421265,0.8176244497299194,0.7441078424453735,0.9063388109207153,0.8051379323005676,0.8575026392936707,0.7998270392417908,0.7839013934135437,0.7230738401412964,0.8174512386322021,0.7816542983055115
151,0.7702630758285522,0.8085446357727051,0.8178235292434692,0.7438288927078247,0.9066959619522095,0.8049811720848083,0.8577446341514587,0.800012469291687,0.7837536334991455,0.7228464484214783,0.8176953196525574,0.781609058380127
152,0.7706924080848694,0.8085491061210632,0.8180698156356812,0.7435232400894165,0.9070499539375305,0.8048357963562012,0.8579879403114319,0.8002027869224548,0.7835748195648193,0.7225922346115112,0.8179424405097961,0.7815309762954712
153,0.7711232304573059,0.8085615634918213,0.8182764053344727,0.7432772517204285,0.9074012041091919,0.8046589493751526,0.8581898808479309,0.8003552556037903,0.7833661437034607,0.7223548889160156,0.8181498646736145,0.7815064787864685
154,0.7715553045272827,0.8085818886756897,0.8184865713119507,0.7430046200752258,0.9077073335647583,0.80449378490448,0.858436107635498,0.8005132079124451,0.7831704616546631,0.7221338152885437,0.8183608651161194,0.7814916372299194
155,0.7719468474388123,0.8085680603981018,0.8187419176101685,0.7427064180374146,0.9079698324203491,0.8043399453163147,0.8587250709533691,0.8006347417831421,0.782987654209137,0.721928596496582,0.818533718585968,0.7814861536026001
156,0.7723404169082642,0.8086035251617432,0.8189998269081116,0.7423833012580872,0.9081898927688599,0.8041970729827881,0.8589732050895691,0.8007210493087769,0.7828174233436584,0.7217386960983276,0.8187108039855957,0.7814898490905762
157,0.7727357149124146,0.8086461424827576,0.8193007707595825,0.7420362830162048,0.9083690047264099,0.804064929485321,0.8592222929000854,0.8007732629776001,0.7826589941978455,0.7215231657028198,0.8188918828964233,0.7815021872520447
158,0.7731325030326843,0.8086554408073425,0.8196432590484619,0.7417061924934387,0.9085483551025391,0.8039029240608215,0.8594323396682739,0.800792396068573,0.7824723720550537,0.7212828397750854,0.8191168308258057,0.7814831137657166
159,0.7735309600830078,0.8086327314376831,0.8199865221977234,0.7413528561592102,0.9087675213813782,0.8037123084068298,0.8596439957618713,0.8008190393447876,0.7822977900505066,0.7210184335708618,0.8193050622940063,0.78147292137146
160,0.7739307284355164,0.8086177706718445,0.8202913403511047,0.7410553693771362,0.9090251922607422,0.8034936785697937,0.8598572015762329,0.8008139729499817,0.7820959687232971,0.7207307815551758,0.8194969296455383,0.781432569026947
161,0.7743318676948547,0.8085719347000122,0.8205974102020264,0.7407347559928894,0.9092816710472107,0.8032867908477783,0.860110342502594,0.8008165955543518,0.781906247138977,0.7204207181930542,0.8196921944618225,0.7814013361930847
162,0.7747341394424438,0.8085723519325256,0.820904552936554,0.7403917908668518,0.9095749258995056,0.803091287612915,0.8603641986846924,0.8008648753166199,0.7816901803016663,0.7200888395309448,0.8198907375335693,0.7813789248466492
163,0.7750999331474304,0.8086175918579102,0.821212887763977,0.7400273680686951,0.909866213798523,0.8028690814971924,0.8605809807777405,0.800919771194458,0.7814863920211792,0.7197360396385193,0.820129930973053,0.7813275456428528
164,0.7754302024841309,0.8086320161819458,0.8214852213859558,0.7396791577339172,0.9101555943489075,0.8026582598686218,0.8607990741729736,0.8009439706802368,0.7813315987586975,0.7194001078605652,0.8203344345092773,0.7812851667404175
165,0.7757628560066223,0.8086532354354858,0.821795642375946,0.7393836379051208,0.910479724407196,0.8024584054946899,0.8609815835952759,0.80097496509552,0.7811508774757385,0.7190804481506348,0.8205417394638062,0.7812884449958801
166,0.7760975956916809,0.8087171912193298,0.8221071362495422,0.739066481590271,0.9108012318611145,0.8023057579994202,0.8612021207809448,0.8010126352310181,0.7809813022613525,0.7187405228614807,0.8207519054412842,0.7812995314598083
167,0.7763984203338623,0.808786928653717,0.822419285774231,0.7388002872467041,0.9110844135284424,0.8021986484527588,0.861423671245575,0.8010209202766418,0.7807868719100952,0.7184167504310608,0.8209646940231323,0.7813182473182678
168,0.7766664624214172,0.808826744556427,0.8227323889732361,0.7385480999946594,0.9113656282424927,0.8020651936531067,0.8616107702255249,0.801000714302063,0.7806037068367004,0.7180733680725098,0.8211800456047058,0.7813090085983276
169,0.7769375443458557,0.8088375329971313,0.8230109810829163,0.7382744550704956,0.9116098880767822,0.80194091796875,0.861799418926239,0.8009878396987915,0.78043133020401,0.7177808284759521,0.8213977813720703,0.7812725901603699
170,0.777211606502533,0.8088546991348267,0.8232908248901367,0.7379801273345947,0.911853015422821,0.8017910122871399,0.8620241284370422,0.8009819388389587,0.7803042531013489,0.7174686193466187,0.8215834498405457,0.7812789082527161
171,0.7774885892868042,0.8088439702987671,0.8235719203948975,0.7376999258995056,0.9120948910713196,0.8016505837440491,0.8622153401374817,0.8009830713272095,0.7801867723464966,0.7171372771263123,0.8217718005180359,0.7812926769256592
172,0.7777681350708008,0.8088060617446899,0.8238539695739746,0.7373996376991272,0.9123355746269226,0.8014854788780212,0.8624080419540405,0.8010246753692627,0.7800450921058655,0.716787576675415,0.8219629526138306,0.7812797427177429
173,0.7780503034591675,0.8087417483329773,0.8241705298423767,0.7371131777763367,0.9125750660896301,0.8013633489608765,0.8626019358634949,0.8010721206665039,0.7799132466316223,0.7164198756217957,0.8221901059150696,0.7812743186950684
174,0.7783350348472595,0.8086849451065063,0.8244873285293579,0.7368735074996948,0.9128462672233582,0.8012498617172241,0.8628300428390503,0.8010923862457275,0.7797908782958984,0.7160348296165466,0.8223862648010254,0.781276285648346
175,0.7786220908164978,0.8086679577827454,0.8247720003128052,0.7366138696670532,0.9131157398223877,0.8011446595191956,0.8630914092063904,0.8011188507080078,0.7796451449394226,0.7156330347061157,0.8225523233413696,0.781317949295044
176,0.7789114117622375,0.8086574673652649,0.8250572681427002,0.7363670468330383,0.913383424282074,0.8010156154632568,0.8633528351783752,0.8011835217475891,0.7795089483261108,0.7152795195579529,0.82268887758255,0.7813659310340881
177,0.7792029976844788,0.8086851239204407,0.8253753185272217,0.7361328601837158,0.913649320602417,0.8008629679679871,0.8635823130607605,0.8012216091156006,0.7794140577316284,0.7149090766906738,0.8228288292884827,0.7814201712608337
178,0.7795280814170837,0.8087183833122253,0.8256620168685913,0.7358793616294861,0.9139134883880615,0.8007192611694336,0.8638120293617249,0.8012652397155762,0.7793276309967041,0.7145538926124573,0.822940468788147,0.7814803123474121
179,0.7798547148704529,0.8087570667266846,0.8259493708610535,0.735638439655304,0.9141759872436523,0.8006153702735901,0.864042341709137,0.801283061504364,0.7792496681213379,0.7141823172569275,0.8230244517326355,0.7815462946891785
180,0.7801826596260071,0.808800995349884,0.8262373208999634,0.7354095578193665,0.9144367575645447,0.8005194067955017,0.8642728924751282,0.8013068437576294,0.7791796922683716,0.7138257622718811,0.8230817914009094,0.7816179990768433
181,0.7805119156837463,0.808819591999054,0.8265258073806763,0.7351619601249695,0.9146957993507385,0.8004005551338196,0.8645344972610474,0.8013362884521484,0.7790871858596802,0.7135142683982849,0.8231740593910217,0.7816951274871826
182,0.7808725833892822,0.8088737726211548,0.8268147706985474,0.7348963022232056,0.9149531126022339,0.800289511680603,0.8647957444190979,0.801371157169342,0.7789726853370667,0.7132166624069214,0.8232700228691101,0.7817776203155518
183,0.7812339067459106,0.8089327812194824,0.8271042704582214,0.7346429824829102,0.9152089357376099,0.8001865148544312,0.8650567531585693,0.8014413118362427,0.7788666486740112,0.7129324078559875,0.8233699202537537,0.7818652987480164
184,0.7815958261489868,0.8089964389801025,0.8273941278457642,0.7343720197677612,0.9154629707336426,0.8000909686088562,0.8653175234794617,0.8015161752700806,0.778739333152771,0.7126908302307129,0.8234732151031494,0.7819284200668335
185,0.781958281993866,0.8090938925743103,0.8276842832565308,0.7341130971908569,0.9156861901283264,0.8000028133392334,0.8655780553817749,0.8015956282615662,0.7786497473716736,0.7124907374382019,0.823550820350647,0.7819969654083252
186,0.7823500037193298,0.8092243075370789,0.827974796295166,0.7338950634002686,0.91590815782547,0.799921989440918,0.865838348865509,0.8016506433486938,0.7785968780517578,0.7123022675514221,0.8236034512519836,0.7820706367492676
187,0.7827132940292358,0.8093580007553101,0.8282656073570251,0.7336881160736084,0.9161290526390076,0.7998479604721069,0.8660696148872375,0.8017104864120483,0.7785226106643677,0.7120962738990784,0.8236888647079468,0.7821493148803711
188,0.7830485105514526,0.8094666004180908,0.8285567164421082,0.7334635853767395,0.9163488745689392,0.7997808456420898,0.8662726879119873,0.8017749190330505,0.7784556746482849,0.7118735909461975,0.8237496018409729,0.7822611927986145
189,0.7833845615386963,0.8095788955688477,0.8288758993148804,0.7332781553268433,0.9165675044059753,0.7997204065322876,0.8664764165878296,0.8018439412117004,0.7783961296081543,0.7116623520851135,0.8238142728805542,0.7823774814605713
190,0.7836936712265015,0.8096947073936462,0.8291671872138977,0.7330752611160278,0.916757345199585,0.7996665835380554,0.8666805028915405,0.8018895983695984,0.7783159613609314,0.7114347815513611,0.8238828778266907,0.7824979424476624
191,0.7840037941932678,0.809813916683197,0.8294584155082703,0.7328829169273376,0.9169464707374573,0.7995915412902832,0.8668577075004578,0.801967442035675,0.7782430648803711,0.7111912369728088,0.8239552974700928,0.7825950980186462
192,0.7842878699302673,0.8099363446235657,0.8297227025032043,0.732700765132904,0.9171349406242371,0.7994959354400635,0.867008626461029,0.8020222783088684,0.7781502604484558,0.7109320759773254,0.8240583539009094,0.7826964855194092
193,0.7846001386642456,0.8100889325141907,0.8300144076347351,0.7325018048286438,0.9172957539558411,0.7994073033332825,0.8671607971191406,0.8020816445350647,0.7780647873878479,0.710658073425293,0.8241645097732544,0.7828022837638855
194,0.7849398851394653,0.8102176189422607,0.8303326368331909,0.7322864532470703,0.9174298048019409,0.7993253469467163,0.8673141598701477,0.8021453619003296,0.777959942817688,0.710395872592926,0.8242738246917725,0.7829121947288513
195,0.7852801084518433,0.8103492259979248,0.8306504487991333,0.732055127620697,0.9175376892089844,0.7992236018180847,0.8674685955047607,0.8021869659423828,0.777862548828125,0.7101452946662903,0.8243860602378845,0.7830260992050171
196,0.7856206893920898,0.810483992099762,0.8309417963027954,0.731834352016449,0.9176720380783081,0.7991286516189575,0.8675980567932129,0.8022330403327942,0.7777985334396362,0.7098801136016846,0.8244750499725342,0.7831699848175049
197,0.7859874963760376,0.810595691204071,0.8312330842018127,0.7316237688064575,0.9178065657615662,0.7990145683288574,0.8677290678024292,0.8022577166557312,0.7777412533760071,0.709626317024231,0.8245673179626465,0.7833172082901001
198,0.7863286137580872,0.8107104301452637,0.8314987421035767,0.7314231991767883,0.9179410934448242,0.7988817691802979,0.8678615093231201,0.8022871613502502,0.777715802192688,0.7093839049339294,0.8246625065803528,0.7834933400154114
199,0.7866700291633606,0.8108282685279846,0.8317899703979492,0.7312072515487671,0.918100893497467,0.7987308502197266,0.8679952025413513,0.8023210763931274,0.7776966094970703,0.7091776132583618,0.8247860074043274,0.7836722135543823
200,0.786986768245697,0.8109492659568787,0.8320559859275818,0.7309762835502625,0.9182354211807251,0.7985621690750122,0.8681302666664124,0.8023344278335571,0.7776830196380615,0.7089817523956299,0.8249121308326721,0.7838538289070129
201,0.7873039245605469,0.8110482096672058,0.8323222398757935,0.7307552695274353,0.9183699488639832,0.7984257936477661,0.8682417869567871,0.8023277521133423,0.7776752710342407,0.7087960243225098,0.8250405788421631,0.784062922000885
202,0.7876216769218445,0.8111503720283508,0.8325886726379395,0.7305441498756409,0.9185044765472412,0.7982718348503113,0.868354856967926,0.8023260831832886,0.7776485681533813,0.7086201310157776,0.8251715302467346,0.7842741012573242
203,0.7879399061203003,0.811279833316803,0.8328309655189514,0.7303427457809448,0.9186390042304993,0.7981250286102295,0.8684937953948975,0.8023291230201721,0.7776033878326416,0.7084539532661438,0.8253047466278076,0.7844874858856201
204,0.7882584929466248,0.81141197681427,0.8330495953559875,0.7301508784294128,0.9187734723091125,0.797985315322876,0.8686097860336304,0.8023369908332825,0.7775641679763794,0.7082971334457397,0.8254402875900269,0.7847269177436829
205,0.7885775566101074,0.8115466833114624,0.8332691192626953,0.7299442887306213,0.9189079403877258,0.7978284955024719,0.8687034249305725,0.8023493885993958,0.7775070667266846,0.7081257700920105,0.8255779147148132,0.7849918007850647
206,0.7888969779014587,0.8116602301597595,0.8334658145904541,0.7297234535217285,0.9190424084663391,0.7976552844047546,0.8687752485275269,0.8023662567138672,0.7774795293807983,0.707987368106842,0.8257176876068115,0.785257875919342
207,0.7892399430274963,0.8117532730102539,0.8336635828018188,0.7294887900352478,0.9191767573356628,0.7974891662597656,0.8688490986824036,0.8023874759674072,0.7774576544761658,0.7078810930252075,0.8258827924728394,0.7855251431465149
208,0.789605975151062,0.8118494749069214,0.8338854908943176,0.7292407751083374,0.9193111062049866,0.7973302006721497,0.8689479231834412,0.802436113357544,0.7774180769920349,0.7078062295913696,0.8260496854782104,0.7858166098594666
209,0.7899488210678101,0.8119483590126038,0.8341308236122131,0.7290023565292358,0.9194225072860718,0.7971782088279724,0.8690484166145325,0.8025113940238953,0.7773841023445129,0.7077162265777588,0.8261951208114624,0.7861088514328003
210,0.7903141379356384,0.8120275735855103,0.8343764543533325,0.7287736535072327,0.919556736946106,0.7970102429389954,0.8691504597663879,0.8025674819946289,0.77733314037323,0.7076114416122437,0.8263424634933472,0.7864017486572266
211,0.7906789183616638,0.81208735704422,0.834622323513031,0.7285541892051697,0.9196909070014954,0.7968491911888123,0.8692765235900879,0.8026272058486938,0.7772878408432007,0.7075147032737732,0.82649165391922,0.7866953015327454
212,0.7910432815551758,0.8121281862258911,0.8348683714866638,0.7283438444137573,0.91982501745224,0.7966727018356323,0.8693813681602478,0.8026682138442993,0.7772480845451355,0.7074258923530579,0.8266425728797913,0.7870116829872131
213,0.7914071679115295,0.8121725916862488,0.8351367115974426,0.7281423807144165,0.9199810028076172,0.7965251803398132,0.8695096373558044,0.8027130365371704,0.7772138714790344,0.7073667049407959,0.8267952799797058,0.7873063087463379
214,0.7917704582214355,0.8122424483299255,0.8354266881942749,0.727971613407135,0.9201583862304688,0.7963842153549194,0.8696171641349792,0.8027614951133728,0.7771849632263184,0.7073149085044861,0.8269495964050293,0.7876014113426208
215,0.792154848575592,0.8122935891151428,0.8357377648353577,0.7278090119361877,0.9203349947929382,0.7962496280670166,0.8697476387023926,0.8028351664543152,0.7771396636962891,0.7072700262069702,0.8271054029464722,0.7878754138946533
216,0.7925598621368408,0.8123481869697571,0.8360483646392822,0.7276330590248108,0.920489490032196,0.7961426377296448,0.869857668876648,0.8029120564460754,0.7771210670471191,0.7072106599807739,0.8272628784179688,0.7881287932395935
217,0.7929849028587341,0.8124060034751892,0.8363366723060608,0.7274442315101624,0.9206222891807556,0.7960415482521057,0.8699689507484436,0.8029921054840088,0.7771075963973999,0.7071370482444763,0.8274430632591248,0.7883831858634949
218,0.7934294939041138,0.8124458193778992,0.8366035223007202,0.727242648601532,0.9207548499107361,0.795924961566925,0.8701024651527405,0.8030751943588257,0.777120053768158,0.7070706486701965,0.8276243805885315,0.7886594533920288
219,0.7938515543937683,0.8124891519546509,0.8368492126464844,0.7270492911338806,0.9209082722663879,0.7958143353462219,0.870236873626709,0.8031403422355652,0.7771369814872742,0.707011342048645,0.8277859687805176,0.7889364361763
220,0.7942720651626587,0.8125356435775757,0.8370949029922485,0.7268437743186951,0.9210612177848816,0.7957094311714172,0.8703516125679016,0.8032087087631226,0.7771376371383667,0.7069380879402161,0.8279696106910706,0.7892140746116638
221,0.7947115898132324,0.8126058578491211,0.8373407125473022,0.7266260981559753,0.9212136268615723,0.7955896258354187,0.8704468011856079,0.8032801747322083,0.7771428227424622,0.7068718671798706,0.8281542658805847,0.7894716858863831
222,0.7951695919036865,0.8126789331436157,0.8375863432884216,0.7264372110366821,0.9213859438896179,0.7954551577568054,0.8705231547355652,0.8033344149589539,0.7771322131156921,0.7068125605583191,0.8283399939537048,0.7897098064422607
223,0.7956255674362183,0.8127347230911255,0.837831974029541,0.7262763977050781,0.9215574264526367,0.7953268885612488,0.8706210851669312,0.8033918738365173,0.7771260142326355,0.7067800164222717,0.828526496887207,0.7899691462516785
224,0.7960596680641174,0.8128133416175842,0.8380776047706604,0.7261232733726501,0.921728253364563,0.7952041029930115,0.8707403540611267,0.8034524321556091,0.7771245241165161,0.7067537307739258,0.8287140130996704,0.7902091145515442
225,0.796511709690094,0.8129144310951233,0.838323175907135,0.7259775400161743,0.9218786358833313,0.7950871586799622,0.8708605170249939,0.8035160899162292,0.7771472334861755,0.7067137956619263,0.828902542591095,0.7904501557350159
226,0.7969422340393066,0.8129982352256775,0.8385490775108337,0.7258585691452026,0.9220285415649414,0.794975757598877,0.8710011839866638,0.803602397441864,0.7771739363670349,0.7066605687141418,0.8290917873382568,0.7906724810600281
227,0.7973710298538208,0.8130651712417603,0.8387945890426636,0.7257272601127625,0.9221779704093933,0.7948697805404663,0.8711425065994263,0.8036913275718689,0.7772046327590942,0.7066138386726379,0.8292819261550903,0.7908766269683838
228,0.797778844833374,0.8131348490715027,0.8390399217605591,0.7255836725234985,0.9223268628120422,0.7947692275047302,0.8713036775588989,0.8037828207015991,0.777239203453064,0.7065539956092834,0.8294535279273987,0.7910821437835693
229,0.7981660962104797,0.8132071495056152,0.8392660617828369,0.72542804479599,0.9224753975868225,0.7946738004684448,0.8714843392372131,0.8038769364356995,0.7772775888442993,0.7064815163612366,0.829626202583313,0.7912697792053223
230,0.7985332608222961,0.8132631182670593,0.8394734263420105,0.725279688835144,0.9226233959197998,0.7945646047592163,0.8716839551925659,0.8039923906326294,0.7773196697235107,0.7064155340194702,0.8297998905181885,0.7914589047431946
231,0.7989181876182556,0.8133406043052673,0.8396623730659485,0.7251197099685669,0.9227709770202637,0.794479489326477,0.8718833327293396,0.804110050201416,0.7773653268814087,0.7063559293746948,0.8299744725227356,0.7916308641433716
232,0.7993203401565552,0.8134205341339111,0.8398705124855042,0.7249481678009033,0.9229180812835693,0.7943993210792542,0.8720825910568237,0.804229736328125,0.7774146795272827,0.706321120262146,0.8301313519477844,0.7917858362197876
233,0.7997211217880249,0.8134845495223999,0.8400788307189941,0.7247839570045471,0.9230831265449524,0.7943239212036133,0.8723000884056091,0.8043516874313354,0.7774489521980286,0.7062736749649048,0.830289363861084,0.7919242978096008
234,0.8001204133033752,0.8135510087013245,0.8403056859970093,0.724626898765564,0.9232474565505981,0.7942349314689636,0.8725170493125916,0.8044754266738892,0.7774868607521057,0.7062323093414307,0.830430269241333,0.7920647859573364
235,0.800518274307251,0.8136020302772522,0.8405325412750244,0.7244588136672974,0.9234110713005066,0.7941327095031738,0.8727155327796936,0.80460125207901,0.7775283455848694,0.7061786651611328,0.8305542469024658,0.7922252416610718
236,0.8009147047996521,0.8136557936668396,0.8407414555549622,0.7242797613143921,0.9235740303993225,0.794017493724823,0.8729137778282166,0.8047289848327637,0.77757328748703,0.7061488032341003,0.8306797742843628,0.792369544506073
237,0.801291823387146,0.8136942982673645,0.8409683108329773,0.7241078019142151,0.923754096031189,0.7938896417617798,0.8730939626693726,0.8048408627510071,0.7776216268539429,0.7061246633529663,0.8308066725730896,0.7925156950950623
238,0.8016678094863892,0.8137532472610474,0.8411774635314941,0.7239429950714111,0.923933207988739,0.7937493920326233,0.873274028301239,0.8049545884132385,0.7776733040809631,0.7061060070991516,0.830935001373291,0.7926636338233948
239,0.8020249605178833,0.8138148188591003,0.8413868546485901,0.7237851023674011,0.9241114258766174,0.7936144471168518,0.8734541535377502,0.8050529360771179,0.7777281403541565,0.7060751914978027,0.8310646414756775,0.7928133606910706
240,0.8023984432220459,0.8138788342475891,0.8415790796279907,0.7236164808273315,0.9242887496948242,0.7934848070144653,0.8736515045166016,0.8051360845565796,0.7778036594390869,0.7060672044754028,0.8311783075332642,0.7929821610450745
241,0.802770733833313,0.8139452338218689,0.8417543172836304,0.7234547734260559,0.9244478940963745,0.7933602929115295,0.8738486170768738,0.8052214980125427,0.7778819799423218,0.7060472369194031,0.8312761783599854,0.7931525111198425
242,0.8031418323516846,0.8139968514442444,0.841930091381073,0.7232998013496399,0.9246065020561218,0.7932237982749939,0.8740284442901611,0.8053091764450073,0.7779631018638611,0.7060495018959045,0.8313586711883545,0.7933071255683899
243,0.8035286068916321,0.8140680193901062,0.8421064615249634,0.7231513857841492,0.9247643351554871,0.7930924892425537,0.8742080926895142,0.8054161071777344,0.7780470252037048,0.7060568332672119,0.8314430117607117,0.79344642162323
244,0.8039138317108154,0.8141413331031799,0.8423000574111938,0.7229927778244019,0.924921452999115,0.7929494976997375,0.8743709325790405,0.8055080771446228,0.7781168818473816,0.7060521841049194,0.831545889377594,0.7935875654220581
245,0.8042810559272766,0.8142169117927551,0.8424938321113586,0.7228405475616455,0.9250613451004028,0.7927950620651245,0.8745505213737488,0.8055855631828308,0.7781895399093628,0.7060524225234985,0.8316503763198853,0.7937136292457581
246,0.8046470284461975,0.8142945766448975,0.8427045345306396,0.7226782441139221,0.9252172112464905,0.7926458120346069,0.8747134804725647,0.8056653141975403,0.7782815098762512,0.706057608127594,0.8317563533782959,0.7938581705093384
247,0.8050116896629333,0.8143907785415649,0.8428987860679626,0.7225225567817688,0.9253560304641724,0.7925018668174744,0.8748600482940674,0.8057472705841064,0.7783759832382202,0.7060838341712952,0.8318638205528259,0.7939879298210144
248,0.8053752183914185,0.8144888281822205,0.84309321641922,0.7223731875419617,0.9254944920539856,0.7923792600631714,0.8749907612800598,0.8058314919471741,0.778472900390625,0.7061145901679993,0.8319889903068542,0.7941032648086548
249,0.8057213425636292,0.814588725566864,0.8432878851890564,0.7222139835357666,0.9256324172019958,0.7922614812850952,0.8751218318939209,0.8059176802635193,0.7785561084747314,0.7061497569084167,0.8321153521537781,0.794220507144928
250,0.8060504794120789,0.8147063851356506,0.8434827327728271,0.7220451235771179,0.9257699847221375,0.7921484112739563,0.8752533197402954,0.8060060143470764,0.7786418795585632,0.7061731815338135,0.8322268724441528,0.7943395972251892
251,0.8063945770263672,0.8148255348205566,0.8436776995658875,0.72186678647995,0.9259068965911865,0.7920241355895996,0.8753852844238281,0.8060805201530457,0.7787301540374756,0.7062009572982788,0.8323239088058472,0.7944605946540833
252,0.8067376613616943,0.8149462342262268,0.8438571095466614,0.7216792702674866,0.9260435104370117,0.791904628276825,0.8755176067352295,0.8061413764953613,0.7788366079330444,0.706233024597168,0.8324065804481506,0.7945990562438965
253,0.8070797324180603,0.8150683641433716,0.8440368175506592,0.7214826345443726,0.9261795878410339,0.7917897701263428,0.8756502866744995,0.806204617023468,0.7789608836174011,0.7062693238258362,0.8325065970420837,0.7947391867637634
254,0.8074207901954651,0.8151919841766357,0.8442168831825256,0.7212926745414734,0.9262997508049011,0.7916949987411499,0.875783383846283,0.8062546253204346,0.7790716290473938,0.7063097357749939,0.8325926065444946,0.7948963046073914
255,0.8077453970909119,0.815332293510437,0.8443971872329712,0.7211092710494995,0.9264195561408997,0.7915892004966736,0.8759167194366455,0.8062915802001953,0.7791998386383057,0.7063542008399963,0.8326954245567322,0.7950393557548523
256,0.8080691695213318,0.8154737949371338,0.8445625305175781,0.7209321856498718,0.9265390634536743,0.7914877533912659,0.876065731048584,0.8063463568687439,0.7793451547622681,0.7064026594161987,0.8327996730804443,0.7951685786247253
257,0.8083920478820801,0.8156013488769531,0.8447131514549255,0.7207614183425903,0.9266584515571594,0.7913906574249268,0.8762148022651672,0.806403398513794,0.7794921398162842,0.7064397931098938,0.8329203724861145,0.7952993512153625
258,0.8087140917778015,0.8157301545143127,0.8448493480682373,0.7205818295478821,0.9267774224281311,0.7912828326225281,0.876379132270813,0.8064476847648621,0.7796257138252258,0.7064658403396606,0.8330270648002625,0.7954317927360535
259,0.8090202808380127,0.8158602118492126,0.8449862599372864,0.7204084396362305,0.9268961548805237,0.7911643981933594,0.8765583038330078,0.8064943552017212,0.7797461748123169,0.7064960598945618,0.8331351280212402,0.795565664768219
260,0.8093110918998718,0.8159915208816528,0.8451238870620728,0.7202263474464417,0.9270146489143372,0.7910357117652893,0.8767223954200745,0.8065433502197266,0.7798684239387512,0.7065450549125671,0.8332443833351135,0.7957010865211487
261,0.8095866441726685,0.8161240220069885,0.8452621698379517,0.7200358510017395,0.927147388458252,0.7909114956855774,0.8769011497497559,0.8065946102142334,0.7799925208091736,0.7065978050231934,0.8333547711372375,0.7958232760429382
262,0.8098617196083069,0.816257655620575,0.8454012274742126,0.7198370099067688,0.9272798895835876,0.7907772064208984,0.8770796060562134,0.8066480755805969,0.7801184058189392,0.7066396474838257,0.833480954170227,0.7959470152854919
263,0.8101365566253662,0.8163924813270569,0.8455407619476318,0.7196300029754639,0.9273973107337952,0.7906474471092224,0.8772578835487366,0.8067037463188171,0.7802460789680481,0.7066707015037537,0.8336081504821777,0.7960578203201294
264,0.8104109168052673,0.8165427446365356,0.8456810712814331,0.7194437384605408,0.9275001287460327,0.7905222177505493,0.8774215579032898,0.8067615628242493,0.7803753614425659,0.7067201137542725,0.8337362408638,0.7961703538894653
265,0.8106706738471985,0.816693902015686,0.8458219170570374,0.7192635536193848,0.927617073059082,0.7904012799263,0.8775851130485535,0.8068215250968933,0.7805063724517822,0.7067588567733765,0.833865225315094,0.7962703108787537
266,0.8109443187713623,0.8168318867683411,0.8459775447845459,0.7190894484519958,0.9277337193489075,0.7902706265449524,0.8777485489845276,0.8068835139274597,0.7806248664855957,0.7068012952804565,0.8339951038360596,0.7963860630989075
267,0.8112175464630127,0.8169848322868347,0.8461195826530457,0.7189351320266724,0.9278501272201538,0.7901443243026733,0.8779258728027344,0.8069475293159485,0.7807451486587524,0.7068474292755127,0.8341118693351746,0.7964893579483032
268,0.8114902973175049,0.8171247243881226,0.8462620973587036,0.7187864780426025,0.9279661774635315,0.7900224328041077,0.8781028985977173,0.8070134520530701,0.7808809876441956,0.7068830728530884,0.834229588508606,0.7965943813323975
269,0.8117488622665405,0.8172656297683716,0.8464052677154541,0.7186434268951416,0.9280819296836853,0.7898908853530884,0.8782796263694763,0.8070813417434692,0.7810184359550476,0.7069224119186401,0.8343345522880554,0.7967147827148438
270,0.811993420124054,0.8174074292182922,0.8465352058410645,0.7184921503067017,0.9281973838806152,0.7897637486457825,0.8784561157226562,0.8071373701095581,0.7811573147773743,0.7069516181945801,0.8344405889511108,0.7968230247497559
271,0.8122514486312866,0.8175637722015381,0.8466657400131226,0.7183325886726379,0.9283125400543213,0.7896407842636108,0.8786187171936035,0.8071954846382141,0.7813112735748291,0.7069845795631409,0.8345476984977722,0.7969327569007874
272,0.8125091791152954,0.817720890045166,0.8467969298362732,0.7181652188301086,0.9284273982048035,0.789508581161499,0.8787674903869629,0.8072555661201477,0.781453013420105,0.7070209980010986,0.8346559405326843,0.797030508518219
273,0.8127800822257996,0.8178653120994568,0.8469153046607971,0.717989981174469,0.9285286068916321,0.7893671989440918,0.8789163827896118,0.8073176145553589,0.7815826535224915,0.7070476412773132,0.8347517251968384,0.797143280506134
274,0.8130637407302856,0.8179972171783447,0.8470344543457031,0.7178070545196533,0.9286296367645264,0.7892301678657532,0.8790786266326904,0.8073813915252686,0.7817005515098572,0.7070645093917847,0.8348486423492432,0.7972443103790283
275,0.8133600354194641,0.8181169629096985,0.8471543788909912,0.7176299691200256,0.9287304878234863,0.7890974283218384,0.8792406320571899,0.8074471950531006,0.7818331718444824,0.707071840763092,0.8349467515945435,0.7973469495773315
276,0.8136425018310547,0.8182376623153687,0.8472880721092224,0.7174453735351562,0.9288311004638672,0.7889689207077026,0.8794025182723999,0.8075146675109863,0.781967282295227,0.7070698738098145,0.8350459337234497,0.7974510788917542
277,0.813924252986908,0.8183595538139343,0.8474223017692566,0.7172533273696899,0.9289315938949585,0.7888445258140564,0.8795772194862366,0.8075710535049438,0.7821027040481567,0.7070717215538025,0.8351331353187561,0.7975567579269409
278,0.8142054080963135,0.8184823989868164,0.84757000207901,0.7170540690422058,0.929032027721405,0.7887242436408997,0.8797645568847656,0.8076161742210388,0.782239556312561,0.7070643305778503,0.835221529006958,0.7976508736610413
279,0.8144730925559998,0.8185933828353882,0.8477181792259216,0.7168606519699097,0.9291322827339172,0.7885950803756714,0.8799514174461365,0.8076634407043457,0.7823649048805237,0.7070480585098267,0.8353239893913269,0.7977466583251953
280,0.8147274851799011,0.8186928033828735,0.8478665947914124,0.7166600823402405,0.9292322397232056,0.7884699106216431,0.8801378011703491,0.8077126145362854,0.7824916243553162,0.7070484757423401,0.8354273438453674,0.7978312373161316
281,0.8149815201759338,0.8187808394432068,0.8480154275894165,0.7164526581764221,0.929319441318512,0.7883488535881042,0.8803237080574036,0.8077636957168579,0.782619833946228,0.7070398330688477,0.8355444669723511,0.797930121421814
282,0.8152351975440979,0.8188826441764832,0.8481645584106445,0.7162508964538574,0.9294067025184631,0.788219153881073,0.8805091381072998,0.8078166246414185,0.7827368378639221,0.7070350050926208,0.8356623649597168,0.7980179190635681
283,0.8154760599136353,0.8189858198165894,0.8483015298843384,0.7160424590110779,0.929506242275238,0.7880935072898865,0.8806942105293274,0.807871401309967,0.782842755317688,0.7070213556289673,0.8357810378074646,0.7980948686599731
284,0.8157290816307068,0.8190900087356567,0.8484389781951904,0.715839684009552,0.9295932650566101,0.7879593372344971,0.8808786869049072,0.8079280257225037,0.7829378247261047,0.7070115208625793,0.8359005451202393,0.7981735467910767
285,0.8159816861152649,0.8191953897476196,0.8485890030860901,0.7156301736831665,0.9296926259994507,0.7878292202949524,0.8810627460479736,0.8079863786697388,0.7830346822738647,0.7070053815841675,0.836020827293396,0.7982538342475891
286,0.8162460923194885,0.8193019032478333,0.848739504814148,0.7154141664505005,0.9297794699668884,0.7876908183097839,0.881258487701416,0.8080464601516724,0.7831331491470337,0.7070151567459106,0.8361296057701111,0.7983357310295105
287,0.8164978623390198,0.8194215893745422,0.8489022850990295,0.715191662311554,0.929866373538971,0.7875564694404602,0.8814537525177002,0.8081082701683044,0.783233106136322,0.7070162296295166,0.8362271189689636,0.7984192371368408
288,0.8167612552642822,0.8195422887802124,0.8490772843360901,0.7149629592895508,0.9299410581588745,0.7874261140823364,0.8816483020782471,0.8081716895103455,0.7833347916603088,0.7070086002349854,0.8363134860992432,0.7985163331031799
289,0.8170242309570312,0.8196519017219543,0.8492643237113953,0.7147399187088013,0.9300159215927124,0.787299633026123,0.8818303942680359,0.808236837387085,0.783437967300415,0.7070047855377197,0.8364008665084839,0.798602819442749
290,0.8172865509986877,0.8197506070137024,0.8494511842727661,0.7145107984542847,0.9300907254219055,0.7871650457382202,0.8820119500160217,0.8083035349845886,0.7835426330566406,0.7069924473762512,0.8364894390106201,0.798678994178772
291,0.8175482749938965,0.8198386430740356,0.8496260046958923,0.7142990231513977,0.9301655888557434,0.7870225310325623,0.8821930289268494,0.8083718419075012,0.7836487889289856,0.706972062587738,0.8365671634674072,0.7987567782402039
292,0.8178212642669678,0.8199278712272644,0.8498008847236633,0.7140929102897644,0.9302405714988708,0.786884069442749,0.8823736310005188,0.808453381061554,0.78375643491745,0.7069669365882874,0.8366459608078003,0.7988243699073792
293,0.8180935978889465,0.8200182318687439,0.8499640822410583,0.7138922810554504,0.9303156733512878,0.7867494225502014,0.88255375623703,0.8085247874259949,0.7838653922080994,0.7069652676582336,0.8367259502410889,0.7989052534103394
294,0.8183536529541016,0.8201097846031189,0.8501157760620117,0.7136969566345215,0.9303906559944153,0.7866301536560059,0.8827334046363831,0.8085859417915344,0.7839874029159546,0.7069670557975769,0.8367953896522522,0.7989992499351501
295,0.8186017274856567,0.8202025294303894,0.8502675890922546,0.7135068774223328,0.9304542541503906,0.7865031361579895,0.882901132106781,0.8086487650871277,0.7841106057167053,0.7069721221923828,0.8368659615516663,0.799094557762146
296,0.8188493847846985,0.8202848434448242,0.8504196405410767,0.7133220434188843,0.9305294156074524,0.7863684296607971,0.8830570578575134,0.8087131381034851,0.7842463850975037,0.7069919109344482,0.8369377851486206,0.7991911768913269
297,0.8190851807594299,0.8203685283660889,0.8505604863166809,0.7131308913230896,0.9305932521820068,0.7862375378608704,0.8832240104675293,0.8087791204452515,0.7843832969665527,0.7070148587226868,0.8370106220245361,0.7992891073226929
298,0.8193318843841553,0.8204420208930969,0.850701630115509,0.7129449248313904,0.9306573271751404,0.7860990166664124,0.8834019899368286,0.8088464736938477,0.7845213413238525,0.7070296406745911,0.8370959162712097,0.7993883490562439
299,0.819578230381012,0.820505678653717,0.8508318662643433,0.7127641439437866,0.9307214021682739,0.7859531044960022,0.8835905194282532,0.8089264631271362,0.7846603393554688,0.7070474624633789,0.8371821641921997,0.7994888424873352
300,0.8198240399360657,0.820559561252594,0.8509512543678284,0.7125993371009827,0.9307857155799866,0.7858110666275024,0.8837674856185913,0.8090078830718994,0.7848003506660461,0.7070684432983398,0.8372582197189331,0.7995794415473938
301,0.8200804591178894,0.820625901222229,0.851060152053833,0.7124283313751221,0.930850088596344,0.7856727838516235,0.8839550614356995,0.8090905547142029,0.7849302887916565,0.7070924639701843,0.8373463153839111,0.7996603846549988
302,0.8203363418579102,0.8206825256347656,0.8511805534362793,0.7122512459754944,0.9309036731719971,0.7855381965637207,0.8841419219970703,0.8091744184494019,0.7850503921508789,0.7071083784103394,0.8374463319778442,0.799742579460144
303,0.8205916285514832,0.8207297921180725,0.8513122200965881,0.7120681405067444,0.9309573769569397,0.785407304763794,0.8843173384666443,0.8092595934867859,0.7851824760437012,0.7071274518966675,0.8375471830368042,0.79981529712677
304,0.8208355903625488,0.8207676410675049,0.8514442443847656,0.7118790149688721,0.9310113787651062,0.7852799892425537,0.8845030069351196,0.8093460202217102,0.7853049039840698,0.7071495056152344,0.8376379013061523,0.7998894453048706
305,0.8210790157318115,0.8208070993423462,0.8515766263008118,0.7116842269897461,0.9310656189918518,0.78515625,0.8846882581710815,0.8094228506088257,0.7854176163673401,0.7071744203567505,0.8377187848091125,0.7999650835990906
306,0.8213112950325012,0.8208479285240173,0.851719856262207,0.7114943861961365,0.9311093688011169,0.785036027431488,0.8848729133605957,0.8095009326934814,0.7855314612388611,0.7072022557258606,0.83778977394104,0.8000314235687256
307,0.8215326070785522,0.8209009766578674,0.8518739342689514,0.7112988233566284,0.9311533570289612,0.7849192023277283,0.8850569128990173,0.809580385684967,0.7856464982032776,0.7072435021400452,0.8378620147705078,0.80009925365448
308,0.8217536807060242,0.8209448456764221,0.8520280718803406,0.7110977172851562,0.9312082529067993,0.7848058342933655,0.8852403163909912,0.8096505403518677,0.7857626676559448,0.7072769403457642,0.837924599647522,0.800157904624939
309,0.821963906288147,0.8209797143936157,0.8521823287010193,0.71089106798172,0.9312527775764465,0.7846853733062744,0.8854126930236816,0.8097113966941833,0.7858694791793823,0.7073235511779785,0.8379883170127869,0.8002181649208069
310,0.822174072265625,0.8210265040397644,0.852336585521698,0.7106791138648987,0.9313080906867981,0.7845682501792908,0.8855846524238586,0.8097841739654541,0.7859775424003601,0.7073623538017273,0.8380530476570129,0.8002798557281494
311,0.8223839402198792,0.8210643529891968,0.8524909019470215,0.7104616761207581,0.9313532114028931,0.7844545245170593,0.8857561349868774,0.8098684549331665,0.7860866785049438,0.7074141502380371,0.838108479976654,0.8003430366516113
312,0.8225833177566528,0.8211036920547485,0.8526349067687988,0.7102494239807129,0.9313985109329224,0.7843543887138367,0.8859270811080933,0.8099539875984192,0.7861970067024231,0.7074786424636841,0.8381547927856445,0.8003974556922913
313,0.8227725028991699,0.8211342096328735,0.8527689576148987,0.7100421786308289,0.9314441680908203,0.7842574119567871,0.8860975503921509,0.8100405931472778,0.7863084673881531,0.7075455784797668,0.8381921648979187,0.8004636168479919
314,0.8229616284370422,0.8211562037467957,0.852893054485321,0.7098296284675598,0.9314799904823303,0.7841736078262329,0.8862574696540833,0.8101282715797424,0.786421000957489,0.7076249718666077,0.8382307887077332,0.8005209565162659
315,0.8231507539749146,0.8211796879768372,0.853017270565033,0.7096220850944519,0.9315161108970642,0.7840827703475952,0.8864068984985352,0.8102170825004578,0.7865245938301086,0.70770663022995,0.8382706642150879,0.8005697131156921
316,0.8233399391174316,0.8212147951126099,0.8531519174575806,0.7094093561172485,0.931552529335022,0.7839949131011963,0.8865660429000854,0.8103169202804565,0.7866393327713013,0.7077904343605042,0.8383218050003052,0.800619900226593
317,0.8235290050506592,0.821251392364502,0.85329669713974,0.709191620349884,0.9315993189811707,0.7839001417160034,0.8867248892784119,0.810417652130127,0.7867551445960999,0.7078663110733032,0.8383740782737732,0.8006816506385803
318,0.8237081170082092,0.8212795853614807,0.853431761264801,0.7089886665344238,0.9316462874412537,0.7838084101676941,0.8868932127952576,0.8105194568634033,0.7868818640708923,0.7079346179962158,0.8384274840354919,0.800754725933075
319,0.8238972425460815,0.8213091492652893,0.8535571694374084,0.7087904810905457,0.9316935539245605,0.7837195992469788,0.8870512843132019,0.8106220960617065,0.7870192527770996,0.7080050110816956,0.8384819626808167,0.8008289337158203
320,0.8240764737129211,0.8213499784469604,0.8536826968193054,0.7085872292518616,0.9317408800125122,0.7836337685585022,0.8871992230415344,0.8107158541679382,0.7871477007865906,0.7080678939819336,0.8385373950004578,0.8009045720100403
321,0.8242557048797607,0.8213824033737183,0.8538182377815247,0.7083790302276611,0.9317788481712341,0.7835507988929749,0.8873564600944519,0.8108106255531311,0.787277102470398,0.7081428170204163,0.8385843634605408,0.8009715676307678
322,0.824444591999054,0.8214163184165955,0.8539443016052246,0.7081658840179443,0.9318171143531799,0.7834610342979431,0.8875037431716919,0.8108965754508972,0.7874072790145874,0.7082197070121765,0.838632345199585,0.8010303378105164
323,0.8246335387229919,0.8214612007141113,0.8540706038475037,0.7079671025276184,0.9318461418151855,0.783383846282959,0.8876507878303528,0.8109931945800781,0.7875382304191589,0.7083083391189575,0.8386814594268799,0.8010807633399963
324,0.8248318433761597,0.8215073943138123,0.8542066216468811,0.7077634334564209,0.9318849444389343,0.7833094000816345,0.8877975344657898,0.8110907077789307,0.7876794934272766,0.708389401435852,0.8387220501899719,0.8011422753334045
325,0.8250299692153931,0.8215547800064087,0.8543428182601929,0.7075549364089966,0.931933581829071,0.783237636089325,0.8879439830780029,0.8111891746520996,0.7878121137619019,0.7084724307060242,0.8387638926506042,0.8011955618858337
326,0.8252279758453369,0.8216034770011902,0.8544790744781494,0.7073510885238647,0.9319730401039124,0.7831591963768005,0.8880994319915771,0.8112978339195251,0.7879548668861389,0.7085574865341187,0.8388068079948425,0.8012408018112183
327,0.8254257440567017,0.821653425693512,0.8546061515808105,0.7071424722671509,0.932003378868103,0.7830834984779358,0.8882452845573425,0.8114073276519775,0.7880890369415283,0.7086445093154907,0.8388602137565613,0.8012968897819519
328,0.8256140947341919,0.8217045664787292,0.8547241687774658,0.7069292068481445,0.9320247769355774,0.7830105423927307,0.8884000778198242,0.811508297920227,0.7882238030433655,0.708733320236206,0.8389145731925964,0.801354169845581
329,0.825811505317688,0.8217568397521973,0.8548423647880554,0.7067205905914307,0.9320558905601501,0.7829402685165405,0.8885638117790222,0.8116101026535034,0.7883594036102295,0.7088241577148438,0.8389792442321777,0.8014129400253296
330,0.8259996175765991,0.8218011260032654,0.8549607992172241,0.7065165638923645,0.9320873022079468,0.7828633785247803,0.8887270092964172,0.8117126226425171,0.7884957194328308,0.7089167237281799,0.8390447497367859,0.8014820218086243
331,0.8261966705322266,0.821846604347229,0.8550794720649719,0.7063079476356506,0.9321190118789673,0.7827891707420349,0.888889729976654,0.8118159770965576,0.788623571395874,0.7090112566947937,0.839102029800415,0.8015525937080383
332,0.8263936042785645,0.8218932747840881,0.8551893830299377,0.7060948014259338,0.9321511387825012,0.7827177047729492,0.8890520334243774,0.8119109869003296,0.7887430787086487,0.7090983986854553,0.8391602039337158,0.8016240000724792
333,0.8265812397003174,0.8219411969184875,0.8552905917167664,0.7058772444725037,0.9321835041046143,0.7826396822929382,0.8892138600349426,0.812006950378418,0.7888634204864502,0.7091963887214661,0.8392103910446167,0.8016875982284546
334,0.8267688155174255,0.821999192237854,0.8553921580314636,0.7056552171707153,0.932216227054596,0.7825643420219421,0.8893662691116333,0.8121036291122437,0.788975715637207,0.7092872262001038,0.839261531829834,0.8017435669898987
335,0.8269562125205994,0.8220582604408264,0.8554852604866028,0.7054378390312195,0.9322493076324463,0.7824916839599609,0.8895183801651001,0.812201201915741,0.7890977263450623,0.7093708515167236,0.8393047451972961,0.8018097281455994
336,0.8271435499191284,0.8221182823181152,0.8555787205696106,0.7052161693572998,0.9322915077209473,0.7824215888977051,0.8896788358688354,0.8122994303703308,0.7892294526100159,0.7094475030899048,0.839357852935791,0.8018680810928345
337,0.8273306488990784,0.8221707344055176,0.8556638956069946,0.7049902677536011,0.9323251247406006,0.782345175743103,0.8898477554321289,0.8123985528945923,0.7893617153167725,0.7095171809196472,0.8394030928611755,0.8019189238548279
338,0.8275263905525208,0.8222241997718811,0.8557407855987549,0.7047601938247681,0.9323590397834778,0.7822713255882263,0.8900160789489746,0.8124983906745911,0.7894859313964844,0.7095887660980225,0.8394492864608765,0.8019621968269348
339,0.8277305960655212,0.8222786784172058,0.8558183312416077,0.704534649848938,0.9323931932449341,0.7822000980377197,0.8901838660240173,0.8125990033149719,0.7896109223365784,0.7096536159515381,0.8394877910614014,0.8020156621932983
340,0.8279258012771606,0.8223342895507812,0.8558963537216187,0.704322338104248,0.932427704334259,0.7821313142776489,0.8903511762619019,0.8126917481422424,0.7897367477416992,0.7097203731536865,0.8395360708236694,0.8020615577697754
341,0.8281123042106628,0.8223908543586731,0.855966329574585,0.704114556312561,0.9324624538421631,0.7820650339126587,0.890509307384491,0.8127852082252502,0.789863109588623,0.7097804546356201,0.8395766019821167,0.8021002411842346
342,0.8283071517944336,0.822439968585968,0.8560454845428467,0.7039109468460083,0.932497501373291,0.782001256942749,0.8906670212745667,0.8128880858421326,0.7899816036224365,0.7098425030708313,0.839609682559967,0.802131712436676
343,0.8285101652145386,0.822498619556427,0.8561251163482666,0.7037032246589661,0.9325243234634399,0.7819398045539856,0.8908243179321289,0.8130001425743103,0.7901009917259216,0.7098979353904724,0.8396438360214233,0.802164614200592
344,0.8287129998207092,0.8225669264793396,0.8562139272689819,0.7034997940063477,0.9325514435768127,0.7818723320960999,0.8909725546836853,0.8131042122840881,0.7902294397354126,0.7099469900131226,0.839678943157196,0.802190363407135
345,0.828923761844635,0.8226358890533447,0.8563029170036316,0.7032922506332397,0.9325872659683228,0.7818073034286499,0.8911205530166626,0.8132174611091614,0.7903586626052856,0.7099895477294922,0.8397151231765747,0.8022177219390869
346,0.8291425108909607,0.8227057456970215,0.8563925623893738,0.7030804753303528,0.9326234459877014,0.7817445397377014,0.8912681341171265,0.8133230209350586,0.7904883623123169,0.7100257873535156,0.8397523760795593,0.8022379875183105
347,0.8293525576591492,0.8227681517601013,0.8564824461936951,0.7028648853302002,0.9326597452163696,0.7816842198371887,0.891423761844635,0.813429057598114,0.7906105518341064,0.7100558876991272,0.8397906422615051,0.8022680878639221
348,0.8295621275901794,0.8228233456611633,0.8565728068351746,0.7026535272598267,0.9326964020729065,0.7816262245178223,0.8915706872940063,0.8135358691215515,0.790733277797699,0.7100880742073059,0.8398381471633911,0.8022995591163635
349,0.8297713994979858,0.8228794932365417,0.8566635847091675,0.7024381756782532,0.9327332377433777,0.7815622687339783,0.8917171359062195,0.813651442527771,0.790848433971405,0.7101224064826965,0.8398866057395935,0.8023324012756348
350,0.8299720883369446,0.822936475276947,0.8567466735839844,0.7022271156311035,0.9327784776687622,0.7815006971359253,0.8918632864952087,0.8137675523757935,0.7909725308418274,0.7101588249206543,0.8399358987808228,0.8023664951324463
351,0.8301723599433899,0.8230027556419373,0.8568219542503357,0.7020283937454224,0.9328157901763916,0.7814332842826843,0.8920089602470398,0.8138922452926636,0.7910891771316528,0.7101891040802002,0.8399779200553894,0.8024019598960876
352,0.8303642272949219,0.8230696320533752,0.8568978905677795,0.7018337845802307,0.9328451752662659,0.7813680768013,0.8921462893486023,0.8140173554420471,0.7912145853042603,0.710221529006958,0.8400129079818726,0.8024387359619141
353,0.8305558562278748,0.8231294751167297,0.8569662570953369,0.7016432285308838,0.9328749775886536,0.7813053131103516,0.8922833204269409,0.814134955406189,0.7913405895233154,0.7102639675140381,0.8400487899780273,0.8024767637252808
354,0.8307552933692932,0.8231821656227112,0.8570271134376526,0.701456606388092,0.9329049587249756,0.7812447547912598,0.8924120664596558,0.8142451047897339,0.7914592623710632,0.7103163003921509,0.8400856256484985,0.8025161027908325
355,0.8309542536735535,0.8232359290122986,0.8570886850357056,0.7012661099433899,0.9329352378845215,0.781186580657959,0.8925326466560364,0.814355731010437,0.7915785312652588,0.7103785276412964,0.8401234745979309,0.802556574344635
356,0.8311529159545898,0.8232906460762024,0.8571587204933167,0.701071560382843,0.9329738020896912,0.781122624874115,0.8926450610160828,0.8144668340682983,0.7916983962059021,0.7104424834251404,0.8401622772216797,0.802598237991333
357,0.8313513398170471,0.8233384490013123,0.8572292923927307,0.7008731961250305,0.9330124855041504,0.7810530662536621,0.8927653431892395,0.8145785927772522,0.7918111085891724,0.7105081677436829,0.8402020335197449,0.8026333451271057
358,0.8315415382385254,0.8233792781829834,0.8572925329208374,0.700678825378418,0.9330590963363647,0.7809780836105347,0.8928854465484619,0.8146829605102539,0.7919167280197144,0.7105755805969238,0.8402504324913025,0.8026697635650635
359,0.8317236304283142,0.8234212398529053,0.8573564887046814,0.7004806995391846,0.933106005191803,0.7809053063392639,0.89300537109375,0.8147957921028137,0.7920230627059937,0.7106369733810425,0.8402997255325317,0.802707314491272
360,0.8319133520126343,0.8234718441963196,0.8574285507202148,0.7002863883972168,0.9331528544425964,0.7808348536491394,0.8931326866149902,0.814909040927887,0.7921377420425415,0.7107076644897461,0.8403498530387878,0.802746057510376
361,0.8321026563644409,0.8235158324241638,0.8575089573860168,0.7001037001609802,0.9332000017166138,0.7807590961456299,0.8932676315307617,0.8150227069854736,0.7922530770301819,0.7107800841331482,0.840400755405426,0.8027783632278442
362,0.8322917222976685,0.8235607743263245,0.8575820326805115,0.699924886226654,0.9332470893859863,0.7806856036186218,0.8933945894241333,0.8151444792747498,0.7923691272735596,0.7108464241027832,0.8404524922370911,0.8028119206428528
363,0.8324729800224304,0.8236066102981567,0.8576557040214539,0.699749767780304,0.9332943558692932,0.7806066870689392,0.8935213088989258,0.8152742981910706,0.792485773563385,0.7109069228172302,0.8404973745346069,0.8028466701507568
364,0.8326464891433716,0.8236535787582397,0.8577373027801514,0.6995784044265747,0.9333342909812927,0.7805377244949341,0.8936553001403809,0.81540447473526,0.7926105856895447,0.7109614610671997,0.8405430316925049,0.8028901219367981
365,0.8328121900558472,0.8237012624740601,0.8578267693519592,0.6994031667709351,0.933374285697937,0.780463457107544,0.8937815427780151,0.8155348896980286,0.7927283644676208,0.711010217666626,0.8405896425247192,0.8029347658157349
366,0.8329778909683228,0.8237425684928894,0.8579166531562805,0.6992316246032715,0.9334144592285156,0.7803839445114136,0.8939149975776672,0.8156581521034241,0.7928467392921448,0.7110607624053955,0.8406444787979126,0.8029805421829224
367,0.833143413066864,0.8237847685813904,0.8580141663551331,0.6990562081336975,0.9334474205970764,0.7803066968917847,0.8940556049346924,0.8157891631126404,0.7929583787918091,0.7111204266548157,0.8406999707221985,0.8030199408531189
368,0.8333014845848083,0.8238353729248047,0.8581047058105469,0.6988845467567444,0.9334879517555237,0.7802317142486572,0.8941883444786072,0.8159204721450806,0.793063223361969,0.7111818194389343,0.8407562971115112,0.803053081035614
369,0.8334594368934631,0.8238868713378906,0.8582027554512024,0.6987091302871704,0.9335286617279053,0.7801516056060791,0.8943135738372803,0.8160521388053894,0.7931686639785767,0.7112448215484619,0.8408132791519165,0.8030874133110046
370,0.8336174488067627,0.823931872844696,0.8583011031150818,0.6985299587249756,0.9335622191429138,0.7800737619400024,0.8944384455680847,0.8161840438842773,0.7932748198509216,0.7113166451454163,0.8408710360527039,0.8031156063079834
371,0.8337824940681458,0.8239778280258179,0.8583997488021851,0.6983544826507568,0.9336032271385193,0.7799909114837646,0.8945704102516174,0.8163090348243713,0.7933743596076965,0.7113828659057617,0.840929388999939,0.8031449913978577
372,0.8339475393295288,0.8240318894386292,0.8584985136985779,0.698175311088562,0.9336516857147217,0.7799030542373657,0.894702136516571,0.8164343237876892,0.793481707572937,0.7114432454109192,0.840995728969574,0.8031755685806274
373,0.8341196179389954,0.8240795135498047,0.8585975766181946,0.6979926228523254,0.9337002038955688,0.7798174619674683,0.8948262929916382,0.8165526986122131,0.7935898303985596,0.7115125060081482,0.8410625457763672,0.8032000660896301
374,0.834291398525238,0.8241280913352966,0.8586968183517456,0.6978135704994202,0.9337487816810608,0.7797341346740723,0.894950270652771,0.8166642785072327,0.7936983704566956,0.7115761041641235,0.8411301374435425,0.8032187223434448
375,0.8344631195068359,0.8241704106330872,0.8587962985038757,0.6976309418678284,0.9337974190711975,0.7796531319618225,0.8950738906860352,0.8167833685874939,0.7938076853752136,0.71163409948349,0.8411981463432312,0.803231418132782
376,0.8346346020698547,0.8242136240005493,0.8588959574699402,0.6974518895149231,0.9338390827178955,0.7795743942260742,0.895197331905365,0.8168956637382507,0.7939174771308899,0.7116865515708923,0.8412668108940125,0.8032453656196594
377,0.8348059058189392,0.8242577910423279,0.8589958548545837,0.6972694396972656,0.9338809847831726,0.7794976234436035,0.8953205943107605,0.8170084953308105,0.7940278649330139,0.7117407321929932,0.841343104839325,0.8032606840133667
378,0.834976851940155,0.8243027925491333,0.8590959310531616,0.6970834732055664,0.9339228868484497,0.7794161438941956,0.8954365253448486,0.8171217441558838,0.7941458821296692,0.7117894291877747,0.8414268493652344,0.8032772541046143
379,0.8351477980613708,0.8243417143821716,0.8591961860656738,0.6969010829925537,0.9339649677276611,0.7793367505073547,0.8955523371696472,0.8172281980514526,0.7942643165588379,0.7118397951126099,0.8415111303329468,0.8033020496368408
380,0.835318386554718,0.8243884444236755,0.8592966198921204,0.6967223286628723,0.934014081954956,0.7792526483535767,0.8956678509712219,0.8173352479934692,0.7943833470344543,0.7118917107582092,0.8415957689285278,0.8033279180526733
381,0.8354888558387756,0.8244360685348511,0.8594041466712952,0.6965469717979431,0.9340633153915405,0.7791776061058044,0.8957832455635071,0.8174427151679993,0.7944958209991455,0.7119520902633667,0.8416808843612671,0.803348183631897
382,0.8356590867042542,0.8244844675064087,0.8595049977302551,0.6963819861412048,0.934112548828125,0.7790977358818054,0.8958984017372131,0.8175505995750427,0.7946089506149292,0.7120140790939331,0.8417595028877258,0.8033627271652222
383,0.8358291983604431,0.824526846408844,0.8595991134643555,0.69621342420578,0.9341618418693542,0.7790200710296631,0.8960135579109192,0.8176588416099548,0.7947226166725159,0.7120774984359741,0.8418385982513428,0.8033784031867981
384,0.835992157459259,0.8245769143104553,0.8596934676170349,0.6960483193397522,0.9342111945152283,0.778937816619873,0.8961350917816162,0.8177674412727356,0.7948298454284668,0.7121490836143494,0.8419182896614075,0.803388774394989
385,0.8361618518829346,0.8246344923973083,0.8597880601882935,0.6958798766136169,0.9342606067657471,0.778864324092865,0.8962497711181641,0.8178764581680298,0.7949310541152954,0.7122220993041992,0.841998279094696,0.8033934831619263
386,0.8363312482833862,0.8246861696243286,0.8598828315734863,0.6957147121429443,0.9343101382255554,0.7787861227989197,0.896364152431488,0.8179858922958374,0.7950395345687866,0.7122964859008789,0.8420788049697876,0.8033994436264038
387,0.8365004658699036,0.8247385025024414,0.8599778413772583,0.6955528259277344,0.9343596696853638,0.7787034511566162,0.8964783549308777,0.8180956840515137,0.795148491859436,0.7123655080795288,0.8421596884727478,0.8034067153930664
388,0.836669385433197,0.824785053730011,0.8600730299949646,0.6953942179679871,0.9344093203544617,0.778616189956665,0.896592378616333,0.8182124495506287,0.7952578663825989,0.7124359011650085,0.8422476649284363,0.8034151792526245
389,0.836844801902771,0.8248323202133179,0.8601617813110352,0.6952322721481323,0.9344589114189148,0.7785244584083557,0.896706223487854,0.8183361291885376,0.7953745126724243,0.7125011086463928,0.8423359990119934,0.8034248948097229
390,0.8370198607444763,0.8248869776725769,0.8602508306503296,0.6950801014900208,0.9345086216926575,0.778428316116333,0.8968198895454407,0.8184666037559509,0.7954915165901184,0.7125742435455322,0.8424246907234192,0.8034358620643616
391,0.8371946811676025,0.8249358534812927,0.8603335618972778,0.694931149482727,0.9345584511756897,0.7783278226852417,0.8969398736953735,0.8185972571372986,0.7956025004386902,0.7126487493515015,0.8425071239471436,0.803447961807251
392,0.8373692035675049,0.8249919414520264,0.8604163527488708,0.6947787404060364,0.9346017837524414,0.7782294750213623,0.8970531821250916,0.8187281489372253,0.7957074642181396,0.7127180099487305,0.8425900340080261,0.8034611940383911
393,0.8375369906425476,0.8250423073768616,0.8604931235313416,0.6946295499801636,0.9346386194229126,0.7781268954277039,0.8971661925315857,0.8188527226448059,0.7958129644393921,0.7127885818481445,0.8426668047904968,0.8034757375717163
394,0.837704598903656,0.8250933885574341,0.8605638146400452,0.6944833993911743,0.9346693158149719,0.7780265212059021,0.897278904914856,0.8189774751663208,0.795918881893158,0.7128604650497437,0.842743992805481,0.8034913539886475
395,0.8378718495368958,0.8251516819000244,0.8606283664703369,0.6943467259407043,0.9347001314163208,0.7779218554496765,0.8973852396011353,0.8191024661064148,0.7960189580917358,0.7129336595535278,0.8428153395652771,0.8035017848014832
396,0.838038980960846,0.8252105712890625,0.8606933951377869,0.694206714630127,0.9347310662269592,0.7778131365776062,0.8974912762641907,0.8192277550697327,0.7961196303367615,0.7130081653594971,0.8428870439529419,0.8035133481025696
397,0.8382058143615723,0.8252637982368469,0.8607650995254517,0.6940696835517883,0.934762179851532,0.7777001857757568,0.8975908756256104,0.8193531632423401,0.7962207794189453,0.7130775451660156,0.8429591655731201,0.8035196661949158
398,0.8383724689483643,0.8253114819526672,0.8608371615409851,0.6939356327056885,0.9347935914993286,0.7775895595550537,0.8976840972900391,0.8194724321365356,0.7963224053382874,0.713141918182373,0.843038022518158,0.8035210371017456
399,0.8385388255119324,0.8253535628318787,0.8609033226966858,0.6937981843948364,0.9348250031471252,0.777481198310852,0.8977833986282349,0.8195857405662537,0.796418309211731,0.7132138609886169,0.8431110978126526,0.8035297393798828
400,0.8387113213539124,0.8253901600837708,0.8609760999679565,0.6936699748039246,0.9348567724227905,0.7773750424385071,0.897876501083374,0.8197054862976074,0.7965084314346313,0.7132807970046997,0.8431846499443054,0.8035397529602051
