clean,corrupted,correct_idx
"1208, 1216, 1223, 1233, 1256, 12","1208, 1216, 1223, 1233, 1301, 13",56
"1164, 1165, 1173, 1182, 1186, 11","1164, 1165, 1173, 1182, 1201, 12",86
"1698, 1723, 1752, 1778, 1795, 17","1698, 1723, 1752, 1778, 1801, 18",95
"1540, 1553, 1563, 1577, 1578, 15","1540, 1553, 1563, 1577, 1601, 16",78
"1570, 1591, 1611, 1629, 1631, 16","1570, 1591, 1611, 1629, 1701, 17",31
"1747, 1763, 1780, 1798, 1823, 18","1747, 1763, 1780, 1798, 1801, 18",23
"1564, 1578, 1604, 1606, 1623, 16","1564, 1578, 1604, 1606, 1701, 17",23
"1526, 1533, 1560, 1587, 1613, 16","1526, 1533, 1560, 1587, 1601, 16",13
"1048, 1061, 1088, 1091, 1110, 11","1048, 1061, 1088, 1091, 1101, 11",10
"1645, 1671, 1696, 1715, 1743, 17","1645, 1671, 1696, 1715, 1801, 18",43
"1548, 1552, 1572, 1598, 1620, 16","1548, 1552, 1572, 1598, 1601, 16",20
"1562, 1574, 1577, 1604, 1630, 16","1562, 1574, 1577, 1604, 1701, 17",30
"1354, 1383, 1384, 1392, 1411, 14","1354, 1383, 1384, 1392, 1401, 14",11
"1683, 1703, 1726, 1746, 1747, 17","1683, 1703, 1726, 1746, 1801, 18",47
"1651, 1663, 1689, 1703, 1727, 17","1651, 1663, 1689, 1703, 1801, 18",27
"1558, 1570, 1587, 1598, 1623, 16","1558, 1570, 1587, 1598, 1601, 16",23
"1390, 1417, 1442, 1444, 1472, 14","1390, 1417, 1442, 1444, 1501, 15",72
"1640, 1662, 1678, 1679, 1686, 16","1640, 1662, 1678, 1679, 1701, 17",86
"1187, 1215, 1240, 1248, 1257, 12","1187, 1215, 1240, 1248, 1301, 13",57
"1597, 1621, 1649, 1671, 1684, 16","1597, 1621, 1649, 1671, 1701, 17",84
"1560, 1584, 1586, 1587, 1616, 16","1560, 1584, 1586, 1587, 1601, 16",16
"1093, 1096, 1112, 1119, 1145, 11","1093, 1096, 1112, 1119, 1201, 12",45
"1039, 1054, 1075, 1086, 1094, 10","1039, 1054, 1075, 1086, 1101, 11",94
"1382, 1409, 1434, 1436, 1451, 14","1382, 1409, 1434, 1436, 1501, 15",51
"1163, 1177, 1188, 1215, 1238, 12","1163, 1177, 1188, 1215, 1301, 13",38
"1739, 1767, 1769, 1796, 1813, 18","1739, 1767, 1769, 1796, 1801, 18",13
"1361, 1371, 1376, 1386, 1404, 14","1361, 1371, 1376, 1386, 1401, 14",4
"1325, 1332, 1334, 1354, 1380, 13","1325, 1332, 1334, 1354, 1401, 14",80
"1185, 1207, 1216, 1219, 1228, 12","1185, 1207, 1216, 1219, 1301, 13",28
"1415, 1424, 1442, 1452, 1463, 14","1415, 1424, 1442, 1452, 1501, 15",63
"1746, 1748, 1775, 1789, 1808, 18","1746, 1748, 1775, 1789, 1801, 18",8
"1602, 1603, 1631, 1638, 1667, 16","1602, 1603, 1631, 1638, 1701, 17",67
"1523, 1541, 1546, 1565, 1575, 15","1523, 1541, 1546, 1565, 1601, 16",75
"1223, 1244, 1262, 1287, 1311, 13","1223, 1244, 1262, 1287, 1301, 13",11
"1638, 1640, 1658, 1670, 1673, 16","1638, 1640, 1658, 1670, 1701, 17",73
"1424, 1449, 1474, 1482, 1483, 14","1424, 1449, 1474, 1482, 1501, 15",83
"1219, 1230, 1240, 1255, 1262, 12","1219, 1230, 1240, 1255, 1301, 13",62
"1429, 1448, 1460, 1486, 1488, 14","1429, 1448, 1460, 1486, 1501, 15",88
"1418, 1422, 1434, 1446, 1464, 14","1418, 1422, 1434, 1446, 1501, 15",64
"1753, 1754, 1760, 1766, 1785, 17","1753, 1754, 1760, 1766, 1801, 18",85
"1653, 1655, 1673, 1691, 1716, 17","1653, 1655, 1673, 1691, 1701, 17",16
"1606, 1624, 1643, 1653, 1656, 16","1606, 1624, 1643, 1653, 1701, 17",56
"1371, 1379, 1386, 1412, 1434, 14","1371, 1379, 1386, 1412, 1501, 15",34
"1223, 1248, 1268, 1281, 1297, 12","1223, 1248, 1268, 1281, 1301, 13",97
"1188, 1217, 1237, 1246, 1254, 12","1188, 1217, 1237, 1246, 1301, 13",54
"1079, 1085, 1093, 1119, 1148, 11","1079, 1085, 1093, 1119, 1201, 12",48
"1483, 1487, 1514, 1516, 1537, 15","1483, 1487, 1514, 1516, 1601, 16",37
"1148, 1172, 1187, 1212, 1227, 12","1148, 1172, 1187, 1212, 1301, 13",27
"1265, 1271, 1275, 1287, 1292, 12","1265, 1271, 1275, 1287, 1301, 13",92
"1360, 1364, 1383, 1387, 1410, 14","1360, 1364, 1383, 1387, 1401, 14",10
"1329, 1341, 1345, 1364, 1385, 13","1329, 1341, 1345, 1364, 1401, 14",85
"1569, 1573, 1578, 1607, 1624, 16","1569, 1573, 1578, 1607, 1701, 17",24
"1141, 1147, 1150, 1165, 1171, 11","1141, 1147, 1150, 1165, 1201, 12",71
"1186, 1214, 1240, 1252, 1271, 12","1186, 1214, 1240, 1252, 1301, 13",71
"1172, 1177, 1187, 1212, 1213, 12","1172, 1177, 1187, 1212, 1301, 13",13
"1027, 1030, 1048, 1069, 1096, 10","1027, 1030, 1048, 1069, 1101, 11",96
"1262, 1279, 1289, 1295, 1323, 13","1262, 1279, 1289, 1295, 1301, 13",23
"1223, 1224, 1243, 1272, 1282, 12","1223, 1224, 1243, 1272, 1301, 13",82
"1482, 1484, 1494, 1496, 1511, 15","1482, 1484, 1494, 1496, 1501, 15",11
"1461, 1469, 1471, 1473, 1490, 14","1461, 1469, 1471, 1473, 1501, 15",90
"1358, 1380, 1402, 1409, 1434, 14","1358, 1380, 1402, 1409, 1501, 15",34
"1552, 1557, 1562, 1566, 1575, 15","1552, 1557, 1562, 1566, 1601, 16",75
"1350, 1373, 1396, 1407, 1427, 14","1350, 1373, 1396, 1407, 1501, 15",27
"1379, 1383, 1407, 1410, 1418, 14","1379, 1383, 1407, 1410, 1501, 15",18
"1368, 1372, 1379, 1403, 1427, 14","1368, 1372, 1379, 1403, 1501, 15",27
"1357, 1377, 1390, 1391, 1403, 14","1357, 1377, 1390, 1391, 1401, 14",3
"1281, 1298, 1323, 1350, 1356, 13","1281, 1298, 1323, 1350, 1401, 14",56
"1577, 1598, 1603, 1616, 1625, 16","1577, 1598, 1603, 1616, 1701, 17",25
"1033, 1052, 1055, 1062, 1075, 10","1033, 1052, 1055, 1062, 1101, 11",75
"1082, 1091, 1095, 1096, 1112, 11","1082, 1091, 1095, 1096, 1101, 11",12
"1139, 1168, 1179, 1188, 1214, 12","1139, 1168, 1179, 1188, 1201, 12",14
"1586, 1587, 1608, 1610, 1619, 16","1586, 1587, 1608, 1610, 1701, 17",19
"1205, 1224, 1244, 1256, 1281, 12","1205, 1224, 1244, 1256, 1301, 13",81
"1179, 1185, 1186, 1187, 1207, 12","1179, 1185, 1186, 1187, 1201, 12",7
"1232, 1243, 1247, 1265, 1268, 12","1232, 1243, 1247, 1265, 1301, 13",68
"1161, 1164, 1176, 1182, 1202, 12","1161, 1164, 1176, 1182, 1201, 12",2
"1170, 1179, 1206, 1222, 1246, 12","1170, 1179, 1206, 1222, 1301, 13",46
"1077, 1079, 1083, 1091, 1119, 11","1077, 1079, 1083, 1091, 1101, 11",19
"1133, 1136, 1138, 1161, 1172, 11","1133, 1136, 1138, 1161, 1201, 12",72
"1521, 1546, 1554, 1570, 1585, 15","1521, 1546, 1554, 1570, 1601, 16",85
"1432, 1448, 1473, 1487, 1513, 15","1432, 1448, 1473, 1487, 1501, 15",13
"1028, 1036, 1045, 1062, 1071, 10","1028, 1036, 1045, 1062, 1101, 11",71
"1249, 1253, 1275, 1288, 1316, 13","1249, 1253, 1275, 1288, 1301, 13",16
"1208, 1212, 1229, 1239, 1258, 12","1208, 1212, 1229, 1239, 1301, 13",58
"1458, 1460, 1487, 1488, 1494, 14","1458, 1460, 1487, 1488, 1501, 15",94
"1047, 1049, 1060, 1068, 1088, 10","1047, 1049, 1060, 1068, 1101, 11",88
"1478, 1483, 1510, 1538, 1550, 15","1478, 1483, 1510, 1538, 1601, 16",50
"1352, 1379, 1406, 1407, 1422, 14","1352, 1379, 1406, 1407, 1501, 15",22
"1094, 1110, 1131, 1139, 1141, 11","1094, 1110, 1131, 1139, 1201, 12",41
"1261, 1265, 1270, 1298, 1317, 13","1261, 1265, 1270, 1298, 1301, 13",17
"1551, 1566, 1593, 1604, 1606, 16","1551, 1566, 1593, 1604, 1701, 17",6
"1666, 1678, 1687, 1688, 1689, 16","1666, 1678, 1687, 1688, 1701, 17",89
"1345, 1366, 1386, 1396, 1416, 14","1345, 1366, 1386, 1396, 1401, 14",16
"1032, 1053, 1054, 1061, 1088, 10","1032, 1053, 1054, 1061, 1101, 11",88
"1681, 1693, 1720, 1734, 1758, 17","1681, 1693, 1720, 1734, 1801, 18",58
"1091, 1110, 1132, 1144, 1166, 11","1091, 1110, 1132, 1144, 1201, 12",66
"1178, 1206, 1229, 1241, 1260, 12","1178, 1206, 1229, 1241, 1301, 13",60
"1718, 1743, 1749, 1767, 1782, 17","1718, 1743, 1749, 1767, 1801, 18",82
"1358, 1378, 1393, 1395, 1408, 14","1358, 1378, 1393, 1395, 1401, 14",8
"1696, 1704, 1730, 1752, 1772, 17","1696, 1704, 1730, 1752, 1801, 18",72
"1021, 1039, 1067, 1093, 1097, 10","1021, 1039, 1067, 1093, 1101, 11",97
"1056, 1063, 1072, 1097, 1119, 11","1056, 1063, 1072, 1097, 1101, 11",19
"1624, 1632, 1635, 1643, 1653, 16","1624, 1632, 1635, 1643, 1701, 17",53
"1464, 1485, 1512, 1530, 1553, 15","1464, 1485, 1512, 1530, 1601, 16",53
"1137, 1163, 1177, 1183, 1202, 12","1137, 1163, 1177, 1183, 1201, 12",2
"1704, 1715, 1742, 1750, 1775, 17","1704, 1715, 1742, 1750, 1801, 18",75
"1134, 1147, 1162, 1166, 1176, 11","1134, 1147, 1162, 1166, 1201, 12",76
"1510, 1511, 1528, 1533, 1548, 15","1510, 1511, 1528, 1533, 1601, 16",48
"1134, 1141, 1167, 1180, 1209, 12","1134, 1141, 1167, 1180, 1201, 12",9
"1342, 1356, 1357, 1363, 1388, 13","1342, 1356, 1357, 1363, 1401, 14",88
"1314, 1322, 1350, 1378, 1394, 13","1314, 1322, 1350, 1378, 1401, 14",94
"1144, 1161, 1181, 1184, 1185, 11","1144, 1161, 1181, 1184, 1201, 12",85
"1574, 1584, 1613, 1638, 1665, 16","1574, 1584, 1613, 1638, 1701, 17",65
"1149, 1163, 1175, 1202, 1219, 12","1149, 1163, 1175, 1202, 1301, 13",19
"1577, 1592, 1609, 1631, 1644, 16","1577, 1592, 1609, 1631, 1701, 17",44
"1086, 1089, 1112, 1119, 1146, 11","1086, 1089, 1112, 1119, 1201, 12",46
"1665, 1690, 1712, 1730, 1743, 17","1665, 1690, 1712, 1730, 1801, 18",43
"1314, 1332, 1359, 1384, 1408, 14","1314, 1332, 1359, 1384, 1401, 14",8
"1455, 1477, 1491, 1497, 1519, 15","1455, 1477, 1491, 1497, 1501, 15",19
"1681, 1695, 1702, 1720, 1745, 17","1681, 1695, 1702, 1720, 1801, 18",45
"1146, 1147, 1163, 1171, 1181, 11","1146, 1147, 1163, 1171, 1201, 12",81
"1351, 1366, 1371, 1396, 1415, 14","1351, 1366, 1371, 1396, 1401, 14",15
"1260, 1284, 1290, 1311, 1338, 13","1260, 1284, 1290, 1311, 1401, 14",38
"1145, 1146, 1165, 1182, 1210, 12","1145, 1146, 1165, 1182, 1201, 12",10
"1211, 1216, 1230, 1245, 1262, 12","1211, 1216, 1230, 1245, 1301, 13",62
"1426, 1435, 1462, 1485, 1494, 14","1426, 1435, 1462, 1485, 1501, 15",94
"1518, 1533, 1535, 1554, 1576, 15","1518, 1533, 1535, 1554, 1601, 16",76
"1184, 1213, 1240, 1269, 1290, 12","1184, 1213, 1240, 1269, 1301, 13",90
"1580, 1597, 1623, 1639, 1657, 16","1580, 1597, 1623, 1639, 1701, 17",57
"1589, 1606, 1607, 1636, 1641, 16","1589, 1606, 1607, 1636, 1701, 17",41
"1386, 1398, 1408, 1424, 1436, 14","1386, 1398, 1408, 1424, 1501, 15",36
"1518, 1527, 1538, 1560, 1562, 15","1518, 1527, 1538, 1560, 1601, 16",62
"1472, 1489, 1518, 1547, 1574, 15","1472, 1489, 1518, 1547, 1601, 16",74
"1037, 1040, 1045, 1051, 1067, 10","1037, 1040, 1045, 1051, 1101, 11",67
"1718, 1740, 1747, 1773, 1783, 17","1718, 1740, 1747, 1773, 1801, 18",83
"1638, 1664, 1667, 1683, 1697, 16","1638, 1664, 1667, 1683, 1701, 17",97
"1579, 1581, 1603, 1608, 1620, 16","1579, 1581, 1603, 1608, 1701, 17",20
"1560, 1571, 1588, 1603, 1620, 16","1560, 1571, 1588, 1603, 1701, 17",20
"1688, 1710, 1731, 1758, 1771, 17","1688, 1710, 1731, 1758, 1801, 18",71
"1477, 1496, 1519, 1537, 1546, 15","1477, 1496, 1519, 1537, 1601, 16",46
"1473, 1486, 1495, 1524, 1530, 15","1473, 1486, 1495, 1524, 1601, 16",30
"1728, 1749, 1750, 1763, 1778, 17","1728, 1749, 1750, 1763, 1801, 18",78
"1682, 1692, 1702, 1717, 1742, 17","1682, 1692, 1702, 1717, 1801, 18",42
"1095, 1097, 1112, 1119, 1142, 11","1095, 1097, 1112, 1119, 1201, 12",42
"1387, 1397, 1408, 1420, 1442, 14","1387, 1397, 1408, 1420, 1501, 15",42
"1067, 1089, 1110, 1132, 1138, 11","1067, 1089, 1110, 1132, 1201, 12",38
"1077, 1090, 1094, 1098, 1112, 11","1077, 1090, 1094, 1098, 1101, 11",12
"1262, 1263, 1265, 1269, 1292, 12","1262, 1263, 1265, 1269, 1301, 13",92
"1297, 1326, 1342, 1367, 1377, 13","1297, 1326, 1342, 1367, 1401, 14",77
"1541, 1555, 1566, 1584, 1593, 15","1541, 1555, 1566, 1584, 1601, 16",93
"1095, 1110, 1136, 1143, 1145, 11","1095, 1110, 1136, 1143, 1201, 12",45
"1423, 1446, 1451, 1476, 1488, 14","1423, 1446, 1451, 1476, 1501, 15",88
"1394, 1398, 1410, 1428, 1454, 14","1394, 1398, 1410, 1428, 1501, 15",54
"1570, 1575, 1581, 1586, 1591, 15","1570, 1575, 1581, 1586, 1601, 16",91
"1531, 1542, 1553, 1568, 1575, 15","1531, 1542, 1553, 1568, 1601, 16",75
"1623, 1647, 1650, 1676, 1682, 16","1623, 1647, 1650, 1676, 1701, 17",82
"1230, 1255, 1277, 1279, 1283, 12","1230, 1255, 1277, 1279, 1301, 13",83
"1363, 1385, 1414, 1429, 1438, 14","1363, 1385, 1414, 1429, 1501, 15",38
"1690, 1713, 1731, 1732, 1741, 17","1690, 1713, 1731, 1732, 1801, 18",41
"1292, 1312, 1319, 1331, 1350, 13","1292, 1312, 1319, 1331, 1401, 14",50
"1088, 1091, 1094, 1110, 1132, 11","1088, 1091, 1094, 1110, 1201, 12",32
"1597, 1608, 1622, 1644, 1662, 16","1597, 1608, 1622, 1644, 1701, 17",62
"1132, 1136, 1141, 1166, 1179, 11","1132, 1136, 1141, 1166, 1201, 12",79
"1187, 1210, 1226, 1245, 1264, 12","1187, 1210, 1226, 1245, 1301, 13",64
"1551, 1580, 1604, 1621, 1638, 16","1551, 1580, 1604, 1621, 1701, 17",38
"1568, 1596, 1615, 1643, 1672, 16","1568, 1596, 1615, 1643, 1701, 17",72
"1186, 1212, 1228, 1235, 1262, 12","1186, 1212, 1228, 1235, 1301, 13",62
"1045, 1049, 1075, 1077, 1084, 10","1045, 1049, 1075, 1077, 1101, 11",84
"1033, 1054, 1076, 1083, 1087, 10","1033, 1054, 1076, 1083, 1101, 11",87
"1655, 1666, 1683, 1702, 1725, 17","1655, 1666, 1683, 1702, 1801, 18",25
"1162, 1170, 1175, 1179, 1184, 11","1162, 1170, 1175, 1179, 1201, 12",84
"1325, 1352, 1360, 1370, 1383, 13","1325, 1352, 1360, 1370, 1401, 14",83
"1548, 1559, 1579, 1585, 1611, 16","1548, 1559, 1579, 1585, 1601, 16",11
"1175, 1180, 1187, 1207, 1229, 12","1175, 1180, 1187, 1207, 1301, 13",29
"1096, 1119, 1138, 1147, 1176, 11","1096, 1119, 1138, 1147, 1201, 12",76
"1657, 1660, 1662, 1681, 1687, 16","1657, 1660, 1662, 1681, 1701, 17",87
"1689, 1693, 1721, 1731, 1749, 17","1689, 1693, 1721, 1731, 1801, 18",49
"1431, 1439, 1455, 1459, 1474, 14","1431, 1439, 1455, 1459, 1501, 15",74
"1256, 1258, 1265, 1272, 1284, 12","1256, 1258, 1265, 1272, 1301, 13",84
"1495, 1497, 1520, 1534, 1562, 15","1495, 1497, 1520, 1534, 1601, 16",62
"1325, 1329, 1347, 1367, 1393, 13","1325, 1329, 1347, 1367, 1401, 14",93
"1682, 1708, 1719, 1727, 1753, 17","1682, 1708, 1719, 1727, 1801, 18",53
"1177, 1180, 1188, 1207, 1226, 12","1177, 1180, 1188, 1207, 1301, 13",26
"1174, 1186, 1209, 1218, 1228, 12","1174, 1186, 1209, 1218, 1301, 13",28
"1350, 1371, 1389, 1403, 1432, 14","1350, 1371, 1389, 1403, 1501, 15",32
"1612, 1627, 1648, 1677, 1691, 16","1612, 1627, 1648, 1677, 1701, 17",91
"1631, 1636, 1638, 1654, 1666, 16","1631, 1636, 1638, 1654, 1701, 17",66
"1343, 1348, 1362, 1378, 1392, 13","1343, 1348, 1362, 1378, 1401, 14",92
"1338, 1365, 1371, 1397, 1405, 14","1338, 1365, 1371, 1397, 1401, 14",5
"1562, 1564, 1584, 1610, 1613, 16","1562, 1564, 1584, 1610, 1701, 17",13
"1141, 1162, 1170, 1184, 1212, 12","1141, 1162, 1170, 1184, 1201, 12",12
"1183, 1212, 1226, 1247, 1250, 12","1183, 1212, 1226, 1247, 1301, 13",50
"1709, 1726, 1752, 1765, 1766, 17","1709, 1726, 1752, 1765, 1801, 18",66
"1188, 1207, 1231, 1253, 1272, 12","1188, 1207, 1231, 1253, 1301, 13",72
"1232, 1237, 1252, 1256, 1271, 12","1232, 1237, 1252, 1256, 1301, 13",71
"1206, 1218, 1243, 1264, 1268, 12","1206, 1218, 1243, 1264, 1301, 13",68
"1084, 1093, 1096, 1097, 1119, 11","1084, 1093, 1096, 1097, 1101, 11",19
"1638, 1667, 1696, 1715, 1743, 17","1638, 1667, 1696, 1715, 1801, 18",43
"1688, 1691, 1720, 1741, 1744, 17","1688, 1691, 1720, 1741, 1801, 18",44
"1206, 1222, 1232, 1247, 1249, 12","1206, 1222, 1232, 1247, 1301, 13",49
"1754, 1772, 1779, 1786, 1812, 18","1754, 1772, 1779, 1786, 1801, 18",12
"1691, 1709, 1734, 1747, 1757, 17","1691, 1709, 1734, 1747, 1801, 18",57
"1319, 1332, 1346, 1366, 1378, 13","1319, 1332, 1346, 1366, 1401, 14",78
"1185, 1187, 1210, 1232, 1254, 12","1185, 1187, 1210, 1232, 1301, 13",54
"1675, 1696, 1723, 1751, 1765, 17","1675, 1696, 1723, 1751, 1801, 18",65
"1478, 1498, 1524, 1547, 1568, 15","1478, 1498, 1524, 1547, 1601, 16",68
"1668, 1673, 1694, 1698, 1715, 17","1668, 1673, 1694, 1698, 1701, 17",15
"1619, 1645, 1646, 1664, 1687, 16","1619, 1645, 1646, 1664, 1701, 17",87
"1780, 1782, 1791, 1793, 1815, 18","1780, 1782, 1791, 1793, 1801, 18",15
"1615, 1633, 1654, 1667, 1672, 16","1615, 1633, 1654, 1667, 1701, 17",72
"1282, 1286, 1313, 1330, 1341, 13","1282, 1286, 1313, 1330, 1401, 14",41
"1041, 1067, 1084, 1098, 1110, 11","1041, 1067, 1084, 1098, 1101, 11",10
"1712, 1733, 1746, 1758, 1778, 17","1712, 1733, 1746, 1758, 1801, 18",78
"1079, 1093, 1094, 1096, 1097, 10","1079, 1093, 1094, 1096, 1101, 11",97
"1632, 1651, 1663, 1669, 1676, 16","1632, 1651, 1663, 1669, 1701, 17",76
"1212, 1226, 1251, 1265, 1283, 12","1212, 1226, 1251, 1265, 1301, 13",83
"1428, 1439, 1451, 1475, 1487, 14","1428, 1439, 1451, 1475, 1501, 15",87
"1071, 1074, 1091, 1098, 1110, 11","1071, 1074, 1091, 1098, 1101, 11",10
"1061, 1065, 1079, 1095, 1097, 10","1061, 1065, 1079, 1095, 1101, 11",97
"1042, 1059, 1085, 1112, 1135, 11","1042, 1059, 1085, 1112, 1201, 12",35
"1662, 1667, 1672, 1695, 1710, 17","1662, 1667, 1672, 1695, 1701, 17",10
"1381, 1390, 1408, 1415, 1444, 14","1381, 1390, 1408, 1415, 1501, 15",44
"1183, 1185, 1204, 1209, 1213, 12","1183, 1185, 1204, 1209, 1301, 13",13
"1431, 1457, 1479, 1491, 1513, 15","1431, 1457, 1479, 1491, 1501, 15",13
"1112, 1134, 1139, 1166, 1175, 11","1112, 1134, 1139, 1166, 1201, 12",75
"1226, 1252, 1267, 1276, 1281, 12","1226, 1252, 1267, 1276, 1301, 13",81
"1633, 1638, 1658, 1664, 1668, 16","1633, 1638, 1658, 1664, 1701, 17",68
"1210, 1214, 1220, 1244, 1250, 12","1210, 1214, 1220, 1244, 1301, 13",50
"1392, 1421, 1445, 1460, 1489, 14","1392, 1421, 1445, 1460, 1501, 15",89
"1131, 1150, 1177, 1183, 1212, 12","1131, 1150, 1177, 1183, 1201, 12",12
"1643, 1649, 1672, 1695, 1721, 17","1643, 1649, 1672, 1695, 1701, 17",21
"1206, 1234, 1247, 1271, 1278, 12","1206, 1234, 1247, 1271, 1301, 13",78
"1591, 1598, 1611, 1639, 1659, 16","1591, 1598, 1611, 1639, 1701, 17",59
"1394, 1407, 1432, 1448, 1469, 14","1394, 1407, 1432, 1448, 1501, 15",69
"1060, 1073, 1094, 1112, 1135, 11","1060, 1073, 1094, 1112, 1201, 12",35
"1458, 1463, 1492, 1518, 1535, 15","1458, 1463, 1492, 1518, 1601, 16",35
"1082, 1095, 1096, 1119, 1136, 11","1082, 1095, 1096, 1119, 1201, 12",36
"1521, 1537, 1542, 1566, 1580, 15","1521, 1537, 1542, 1566, 1601, 16",80
"1770, 1777, 1778, 1781, 1786, 17","1770, 1777, 1778, 1781, 1801, 18",86
"1149, 1172, 1178, 1180, 1208, 12","1149, 1172, 1178, 1180, 1201, 12",8
"1650, 1659, 1687, 1705, 1707, 17","1650, 1659, 1687, 1705, 1801, 18",7
"1398, 1424, 1439, 1457, 1470, 14","1398, 1424, 1439, 1457, 1501, 15",70
"1226, 1244, 1256, 1262, 1288, 12","1226, 1244, 1256, 1262, 1301, 13",88
"1683, 1691, 1719, 1745, 1769, 17","1683, 1691, 1719, 1745, 1801, 18",69
"1736, 1750, 1757, 1766, 1789, 17","1736, 1750, 1757, 1766, 1801, 18",89
"1311, 1315, 1324, 1340, 1341, 13","1311, 1315, 1324, 1340, 1401, 14",41
"1088, 1110, 1131, 1143, 1161, 11","1088, 1110, 1131, 1143, 1201, 12",61
"1088, 1092, 1119, 1131, 1134, 11","1088, 1092, 1119, 1131, 1201, 12",34
"1710, 1713, 1725, 1739, 1762, 17","1710, 1713, 1725, 1739, 1801, 18",62
"1788, 1789, 1790, 1798, 1816, 18","1788, 1789, 1790, 1798, 1801, 18",16
"1206, 1234, 1251, 1256, 1277, 12","1206, 1234, 1251, 1256, 1301, 13",77
"1658, 1680, 1697, 1703, 1726, 17","1658, 1680, 1697, 1703, 1801, 18",26
"1683, 1708, 1722, 1750, 1753, 17","1683, 1708, 1722, 1750, 1801, 18",53
"1378, 1391, 1410, 1429, 1449, 14","1378, 1391, 1410, 1429, 1501, 15",49
"1264, 1274, 1285, 1292, 1320, 13","1264, 1274, 1285, 1292, 1301, 13",20
"1186, 1187, 1207, 1220, 1243, 12","1186, 1187, 1207, 1220, 1301, 13",43
"1027, 1046, 1064, 1081, 1088, 10","1027, 1046, 1064, 1081, 1101, 11",88
"1175, 1183, 1185, 1204, 1206, 12","1175, 1183, 1185, 1204, 1301, 13",6
"1706, 1730, 1744, 1772, 1784, 17","1706, 1730, 1744, 1772, 1801, 18",84
"1703, 1731, 1743, 1744, 1755, 17","1703, 1731, 1743, 1744, 1801, 18",55
"1695, 1721, 1736, 1739, 1741, 17","1695, 1721, 1736, 1739, 1801, 18",41
"1561, 1579, 1589, 1603, 1625, 16","1561, 1579, 1589, 1603, 1701, 17",25
"1241, 1249, 1261, 1271, 1296, 12","1241, 1249, 1261, 1271, 1301, 13",96
"1735, 1739, 1750, 1771, 1781, 17","1735, 1739, 1750, 1771, 1801, 18",81
"1542, 1555, 1560, 1573, 1588, 15","1542, 1555, 1560, 1573, 1601, 16",88
"1178, 1188, 1210, 1220, 1238, 12","1178, 1188, 1210, 1220, 1301, 13",38
"1076, 1092, 1098, 1119, 1148, 11","1076, 1092, 1098, 1119, 1201, 12",48
"1036, 1052, 1063, 1064, 1076, 10","1036, 1052, 1063, 1064, 1101, 11",76
"1147, 1176, 1204, 1217, 1225, 12","1147, 1176, 1204, 1217, 1301, 13",25
"1562, 1582, 1596, 1611, 1635, 16","1562, 1582, 1596, 1611, 1701, 17",35
"1446, 1474, 1480, 1492, 1520, 15","1446, 1474, 1480, 1492, 1501, 15",20
"1228, 1247, 1253, 1259, 1266, 12","1228, 1247, 1253, 1259, 1301, 13",66
"1282, 1285, 1297, 1321, 1339, 13","1282, 1285, 1297, 1321, 1401, 14",39
"1540, 1548, 1561, 1590, 1610, 16","1540, 1548, 1561, 1590, 1601, 16",10
"1076, 1084, 1085, 1098, 1110, 11","1076, 1084, 1085, 1098, 1101, 11",10
"1592, 1597, 1617, 1640, 1644, 16","1592, 1597, 1617, 1640, 1701, 17",44
"1563, 1567, 1592, 1611, 1618, 16","1563, 1567, 1592, 1611, 1701, 17",18
"1081, 1082, 1097, 1119, 1132, 11","1081, 1082, 1097, 1119, 1201, 12",32
"1585, 1610, 1621, 1640, 1660, 16","1585, 1610, 1621, 1640, 1701, 17",60
"1371, 1378, 1394, 1417, 1423, 14","1371, 1378, 1394, 1417, 1501, 15",23
"1095, 1112, 1139, 1146, 1170, 11","1095, 1112, 1139, 1146, 1201, 12",70
"1096, 1119, 1140, 1144, 1172, 11","1096, 1119, 1140, 1144, 1201, 12",72
"1063, 1071, 1086, 1110, 1136, 11","1063, 1071, 1086, 1110, 1201, 12",36
"1706, 1714, 1728, 1751, 1778, 17","1706, 1714, 1728, 1751, 1801, 18",78
"1183, 1205, 1233, 1249, 1274, 12","1183, 1205, 1233, 1249, 1301, 13",74
"1345, 1359, 1366, 1383, 1411, 14","1345, 1359, 1366, 1383, 1401, 14",11
"1332, 1333, 1334, 1360, 1374, 13","1332, 1333, 1334, 1360, 1401, 14",74
"1054, 1058, 1067, 1069, 1077, 10","1054, 1058, 1067, 1069, 1101, 11",77
"1361, 1375, 1394, 1423, 1430, 14","1361, 1375, 1394, 1423, 1501, 15",30
"1319, 1338, 1344, 1366, 1368, 13","1319, 1338, 1344, 1366, 1401, 14",68
"1232, 1241, 1264, 1270, 1282, 12","1232, 1241, 1264, 1270, 1301, 13",82
"1263, 1284, 1312, 1321, 1340, 13","1263, 1284, 1312, 1321, 1401, 14",40
"1085, 1094, 1110, 1137, 1162, 11","1085, 1094, 1110, 1137, 1201, 12",62
"1202, 1223, 1232, 1252, 1265, 12","1202, 1223, 1232, 1252, 1301, 13",65
"1317, 1329, 1350, 1364, 1372, 13","1317, 1329, 1350, 1364, 1401, 14",72
"1110, 1112, 1138, 1167, 1180, 11","1110, 1112, 1138, 1167, 1201, 12",80
"1119, 1140, 1141, 1143, 1150, 11","1119, 1140, 1141, 1143, 1201, 12",50
"1527, 1533, 1546, 1572, 1595, 15","1527, 1533, 1546, 1572, 1601, 16",95
"1641, 1653, 1673, 1692, 1717, 17","1641, 1653, 1673, 1692, 1701, 17",17
"1312, 1338, 1348, 1359, 1377, 13","1312, 1338, 1348, 1359, 1401, 14",77
"1498, 1526, 1534, 1547, 1557, 15","1498, 1526, 1534, 1547, 1601, 16",57
"1514, 1518, 1533, 1554, 1582, 15","1514, 1518, 1533, 1554, 1601, 16",82
"1666, 1694, 1707, 1716, 1739, 17","1666, 1694, 1707, 1716, 1801, 18",39
"1388, 1415, 1444, 1466, 1490, 14","1388, 1415, 1444, 1466, 1501, 15",90
"1548, 1577, 1592, 1605, 1633, 16","1548, 1577, 1592, 1605, 1701, 17",33
"1408, 1412, 1425, 1433, 1443, 14","1408, 1412, 1425, 1433, 1501, 15",43
"1709, 1710, 1722, 1726, 1743, 17","1709, 1710, 1722, 1726, 1801, 18",43
"1060, 1083, 1092, 1097, 1119, 11","1060, 1083, 1092, 1097, 1101, 11",19
"1029, 1037, 1054, 1068, 1090, 10","1029, 1037, 1054, 1068, 1101, 11",90
"1435, 1449, 1477, 1484, 1487, 14","1435, 1449, 1477, 1484, 1501, 15",87
"1291, 1312, 1333, 1346, 1371, 13","1291, 1312, 1333, 1346, 1401, 14",71
"1725, 1752, 1756, 1783, 1806, 18","1725, 1752, 1756, 1783, 1801, 18",6
"1253, 1271, 1272, 1281, 1290, 12","1253, 1271, 1272, 1281, 1301, 13",90
"1664, 1687, 1702, 1728, 1743, 17","1664, 1687, 1702, 1728, 1801, 18",43
"1745, 1753, 1767, 1773, 1796, 17","1745, 1753, 1767, 1773, 1801, 18",96
"1357, 1369, 1387, 1393, 1412, 14","1357, 1369, 1387, 1393, 1401, 14",12
"1435, 1441, 1451, 1454, 1460, 14","1435, 1441, 1451, 1454, 1501, 15",60
"1340, 1368, 1378, 1393, 1402, 14","1340, 1368, 1378, 1393, 1401, 14",2
"1555, 1575, 1604, 1612, 1630, 16","1555, 1575, 1604, 1612, 1701, 17",30
"1655, 1667, 1676, 1686, 1705, 17","1655, 1667, 1676, 1686, 1701, 17",5
"1535, 1539, 1543, 1570, 1597, 15","1535, 1539, 1543, 1570, 1601, 16",97
"1703, 1722, 1750, 1751, 1769, 17","1703, 1722, 1750, 1751, 1801, 18",69
"1175, 1187, 1204, 1218, 1235, 12","1175, 1187, 1204, 1218, 1301, 13",35
"1284, 1289, 1318, 1344, 1364, 13","1284, 1289, 1318, 1344, 1401, 14",64
"1213, 1238, 1255, 1256, 1284, 12","1213, 1238, 1255, 1256, 1301, 13",84
"1491, 1511, 1515, 1542, 1561, 15","1491, 1511, 1515, 1542, 1601, 16",61
"1260, 1284, 1295, 1297, 1311, 13","1260, 1284, 1295, 1297, 1301, 13",11
"1374, 1382, 1390, 1408, 1416, 14","1374, 1382, 1390, 1408, 1501, 15",16
"1168, 1180, 1184, 1187, 1213, 12","1168, 1180, 1184, 1187, 1201, 12",13
"1645, 1653, 1676, 1680, 1705, 17","1645, 1653, 1676, 1680, 1701, 17",5
"1146, 1162, 1166, 1183, 1185, 11","1146, 1162, 1166, 1183, 1201, 12",85
"1720, 1726, 1755, 1771, 1791, 17","1720, 1726, 1755, 1771, 1801, 18",91
"1174, 1180, 1203, 1208, 1227, 12","1174, 1180, 1203, 1208, 1301, 13",27
"1041, 1047, 1059, 1087, 1093, 10","1041, 1047, 1059, 1087, 1101, 11",93
"1315, 1327, 1356, 1357, 1360, 13","1315, 1327, 1356, 1357, 1401, 14",60
"1736, 1762, 1785, 1794, 1804, 18","1736, 1762, 1785, 1794, 1801, 18",4
"1449, 1456, 1483, 1495, 1523, 15","1449, 1456, 1483, 1495, 1501, 15",23
"1491, 1514, 1531, 1552, 1581, 15","1491, 1514, 1531, 1552, 1601, 16",81
"1284, 1288, 1310, 1334, 1358, 13","1284, 1288, 1310, 1334, 1401, 14",58
"1513, 1537, 1554, 1574, 1589, 15","1513, 1537, 1554, 1574, 1601, 16",89
"1424, 1434, 1457, 1486, 1490, 14","1424, 1434, 1457, 1486, 1501, 15",90
"1620, 1644, 1660, 1675, 1703, 17","1620, 1644, 1660, 1675, 1701, 17",3
"1622, 1639, 1648, 1660, 1661, 16","1622, 1639, 1648, 1660, 1701, 17",61
"1083, 1087, 1112, 1136, 1139, 11","1083, 1087, 1112, 1136, 1201, 12",39
"1237, 1250, 1260, 1273, 1274, 12","1237, 1250, 1260, 1273, 1301, 13",74
"1724, 1737, 1763, 1767, 1778, 17","1724, 1737, 1763, 1767, 1801, 18",78
"1394, 1404, 1426, 1451, 1459, 14","1394, 1404, 1426, 1451, 1501, 15",59
"1630, 1632, 1656, 1671, 1675, 16","1630, 1632, 1656, 1671, 1701, 17",75
"1611, 1633, 1643, 1657, 1674, 16","1611, 1633, 1643, 1657, 1701, 17",74
"1334, 1357, 1365, 1373, 1392, 13","1334, 1357, 1365, 1373, 1401, 14",92
"1594, 1603, 1609, 1617, 1622, 16","1594, 1603, 1609, 1617, 1701, 17",22
"1341, 1363, 1376, 1379, 1394, 13","1341, 1363, 1376, 1379, 1401, 14",94
"1041, 1053, 1057, 1061, 1083, 10","1041, 1053, 1057, 1061, 1101, 11",83
"1511, 1530, 1546, 1566, 1572, 15","1511, 1530, 1546, 1566, 1601, 16",72
"1139, 1149, 1164, 1183, 1210, 12","1139, 1149, 1164, 1183, 1201, 12",10
"1186, 1206, 1229, 1256, 1278, 12","1186, 1206, 1229, 1256, 1301, 13",78
"1413, 1414, 1439, 1467, 1487, 14","1413, 1414, 1439, 1467, 1501, 15",87
"1180, 1181, 1203, 1212, 1221, 12","1180, 1181, 1203, 1212, 1301, 13",21
"1142, 1144, 1172, 1177, 1184, 11","1142, 1144, 1172, 1177, 1201, 12",84
"1064, 1087, 1089, 1090, 1096, 10","1064, 1087, 1089, 1090, 1101, 11",96
"1037, 1057, 1076, 1090, 1093, 10","1037, 1057, 1076, 1090, 1101, 11",93
"1379, 1392, 1414, 1426, 1436, 14","1379, 1392, 1414, 1426, 1501, 15",36
"1044, 1060, 1076, 1085, 1094, 10","1044, 1060, 1076, 1085, 1101, 11",94
"1286, 1288, 1294, 1313, 1324, 13","1286, 1288, 1294, 1313, 1401, 14",24
"1460, 1487, 1512, 1521, 1550, 15","1460, 1487, 1512, 1521, 1601, 16",50
"1379, 1383, 1403, 1409, 1424, 14","1379, 1383, 1403, 1409, 1501, 15",24
"1326, 1329, 1339, 1363, 1386, 13","1326, 1329, 1339, 1363, 1401, 14",86
"1512, 1533, 1535, 1545, 1563, 15","1512, 1533, 1535, 1545, 1601, 16",63
"1041, 1067, 1085, 1093, 1110, 11","1041, 1067, 1085, 1093, 1101, 11",10
"1276, 1279, 1285, 1294, 1296, 12","1276, 1279, 1285, 1294, 1301, 13",96
"1094, 1095, 1112, 1130, 1144, 11","1094, 1095, 1112, 1130, 1201, 12",44
"1130, 1134, 1135, 1149, 1166, 11","1130, 1134, 1135, 1149, 1201, 12",66
"1406, 1410, 1438, 1453, 1478, 14","1406, 1410, 1438, 1453, 1501, 15",78
"1521, 1540, 1556, 1571, 1585, 15","1521, 1540, 1556, 1571, 1601, 16",85
"1321, 1349, 1376, 1398, 1426, 14","1321, 1349, 1376, 1398, 1401, 14",26
"1480, 1486, 1487, 1514, 1515, 15","1480, 1486, 1487, 1514, 1601, 16",15
"1422, 1437, 1447, 1465, 1492, 14","1422, 1437, 1447, 1465, 1501, 15",92
"1694, 1697, 1718, 1744, 1763, 17","1694, 1697, 1718, 1744, 1801, 18",63
"1287, 1296, 1317, 1321, 1323, 13","1287, 1296, 1317, 1321, 1401, 14",23
"1137, 1142, 1170, 1186, 1213, 12","1137, 1142, 1170, 1186, 1201, 12",13
"1149, 1177, 1187, 1202, 1209, 12","1149, 1177, 1187, 1202, 1301, 13",9
"1540, 1543, 1558, 1564, 1589, 15","1540, 1543, 1558, 1564, 1601, 16",89
"1110, 1131, 1148, 1149, 1162, 11","1110, 1131, 1148, 1149, 1201, 12",62
"1179, 1185, 1212, 1215, 1228, 12","1179, 1185, 1212, 1215, 1301, 13",28
"1398, 1411, 1419, 1447, 1460, 14","1398, 1411, 1419, 1447, 1501, 15",60
"1684, 1695, 1704, 1715, 1732, 17","1684, 1695, 1704, 1715, 1801, 18",32
"1685, 1693, 1713, 1727, 1747, 17","1685, 1693, 1713, 1727, 1801, 18",47
"1084, 1093, 1096, 1097, 1119, 11","1084, 1093, 1096, 1097, 1101, 11",19
"1424, 1427, 1450, 1472, 1477, 14","1424, 1427, 1450, 1472, 1501, 15",77
"1025, 1037, 1047, 1076, 1094, 10","1025, 1037, 1047, 1076, 1101, 11",94
"1131, 1135, 1160, 1171, 1177, 11","1131, 1135, 1160, 1171, 1201, 12",77
"1110, 1134, 1145, 1173, 1187, 11","1110, 1134, 1145, 1173, 1201, 12",87
"1464, 1489, 1493, 1519, 1528, 15","1464, 1489, 1493, 1519, 1601, 16",28
"1675, 1684, 1687, 1693, 1694, 16","1675, 1684, 1687, 1693, 1701, 17",94
"1520, 1543, 1562, 1564, 1587, 15","1520, 1543, 1562, 1564, 1601, 16",87
"1391, 1413, 1414, 1425, 1448, 14","1391, 1413, 1414, 1425, 1501, 15",48
"1521, 1534, 1556, 1564, 1584, 15","1521, 1534, 1556, 1564, 1601, 16",84
"1259, 1284, 1297, 1320, 1328, 13","1259, 1284, 1297, 1320, 1401, 14",28
"1739, 1766, 1782, 1786, 1787, 17","1739, 1766, 1782, 1786, 1801, 18",87
"1730, 1747, 1754, 1767, 1796, 17","1730, 1747, 1754, 1767, 1801, 18",96
"1253, 1273, 1279, 1292, 1318, 13","1253, 1273, 1279, 1292, 1301, 13",18
"1718, 1734, 1739, 1748, 1750, 17","1718, 1734, 1739, 1748, 1801, 18",50
"1478, 1497, 1517, 1536, 1554, 15","1478, 1497, 1517, 1536, 1601, 16",54
"1375, 1383, 1408, 1411, 1438, 14","1375, 1383, 1408, 1411, 1501, 15",38
"1468, 1482, 1491, 1512, 1534, 15","1468, 1482, 1491, 1512, 1601, 16",34
"1072, 1078, 1095, 1119, 1138, 11","1072, 1078, 1095, 1119, 1201, 12",38
"1254, 1270, 1296, 1297, 1326, 13","1254, 1270, 1296, 1297, 1301, 13",26
"1038, 1049, 1051, 1054, 1063, 10","1038, 1049, 1051, 1054, 1101, 11",63
"1039, 1048, 1061, 1076, 1083, 10","1039, 1048, 1061, 1076, 1101, 11",83
"1742, 1751, 1753, 1775, 1785, 17","1742, 1751, 1753, 1775, 1801, 18",85
"1161, 1175, 1202, 1215, 1224, 12","1161, 1175, 1202, 1215, 1301, 13",24
"1329, 1341, 1359, 1377, 1403, 14","1329, 1341, 1359, 1377, 1401, 14",3
"1709, 1732, 1755, 1758, 1780, 17","1709, 1732, 1755, 1758, 1801, 18",80
"1605, 1620, 1639, 1659, 1672, 16","1605, 1620, 1639, 1659, 1701, 17",72
"1669, 1673, 1689, 1715, 1727, 17","1669, 1673, 1689, 1715, 1801, 18",27
"1254, 1283, 1291, 1293, 1315, 13","1254, 1283, 1291, 1293, 1301, 13",15
"1567, 1591, 1612, 1633, 1645, 16","1567, 1591, 1612, 1633, 1701, 17",45
"1406, 1426, 1429, 1443, 1469, 14","1406, 1426, 1429, 1443, 1501, 15",69
"1418, 1428, 1450, 1468, 1494, 14","1418, 1428, 1450, 1468, 1501, 15",94
"1447, 1470, 1476, 1498, 1523, 15","1447, 1470, 1476, 1498, 1501, 15",23
"1354, 1358, 1359, 1369, 1371, 13","1354, 1358, 1359, 1369, 1401, 14",71
"1054, 1082, 1087, 1089, 1110, 11","1054, 1082, 1087, 1089, 1101, 11",10
"1482, 1491, 1520, 1538, 1540, 15","1482, 1491, 1520, 1538, 1601, 16",40
"1205, 1212, 1232, 1236, 1245, 12","1205, 1212, 1232, 1236, 1301, 13",45
"1629, 1633, 1641, 1652, 1653, 16","1629, 1633, 1641, 1652, 1701, 17",53
"1707, 1720, 1749, 1750, 1751, 17","1707, 1720, 1749, 1750, 1801, 18",51
"1577, 1586, 1596, 1603, 1620, 16","1577, 1586, 1596, 1603, 1701, 17",20
"1617, 1632, 1644, 1651, 1662, 16","1617, 1632, 1644, 1651, 1701, 17",62
"1323, 1326, 1337, 1358, 1365, 13","1323, 1326, 1337, 1358, 1401, 14",65
"1034, 1057, 1075, 1097, 1112, 11","1034, 1057, 1075, 1097, 1101, 11",12
"1642, 1669, 1683, 1709, 1733, 17","1642, 1669, 1683, 1709, 1801, 18",33
"1072, 1083, 1096, 1097, 1119, 11","1072, 1083, 1096, 1097, 1101, 11",19
"1145, 1170, 1186, 1214, 1242, 12","1145, 1170, 1186, 1214, 1301, 13",42
"1327, 1338, 1340, 1369, 1395, 13","1327, 1338, 1340, 1369, 1401, 14",95
"1374, 1388, 1402, 1416, 1424, 14","1374, 1388, 1402, 1416, 1501, 15",24
"1325, 1344, 1369, 1394, 1410, 14","1325, 1344, 1369, 1394, 1401, 14",10
"1026, 1054, 1069, 1072, 1079, 10","1026, 1054, 1069, 1072, 1101, 11",79
"1703, 1729, 1757, 1761, 1783, 17","1703, 1729, 1757, 1761, 1801, 18",83
"1247, 1272, 1286, 1314, 1316, 13","1247, 1272, 1286, 1314, 1401, 14",16
"1758, 1768, 1775, 1777, 1794, 17","1758, 1768, 1775, 1777, 1801, 18",94
"1461, 1482, 1497, 1514, 1526, 15","1461, 1482, 1497, 1514, 1601, 16",26
"1518, 1542, 1544, 1557, 1558, 15","1518, 1542, 1544, 1557, 1601, 16",58
"1686, 1706, 1732, 1751, 1777, 17","1686, 1706, 1732, 1751, 1801, 18",77
"1312, 1334, 1360, 1388, 1414, 14","1312, 1334, 1360, 1388, 1401, 14",14
"1566, 1583, 1594, 1595, 1616, 16","1566, 1583, 1594, 1595, 1601, 16",16
"1219, 1225, 1252, 1259, 1270, 12","1219, 1225, 1252, 1259, 1301, 13",70
"1561, 1580, 1583, 1607, 1611, 16","1561, 1580, 1583, 1607, 1701, 17",11
"1290, 1319, 1343, 1344, 1355, 13","1290, 1319, 1343, 1344, 1401, 14",55
"1526, 1527, 1552, 1575, 1604, 16","1526, 1527, 1552, 1575, 1601, 16",4
"1635, 1637, 1654, 1664, 1669, 16","1635, 1637, 1654, 1664, 1701, 17",69
"1532, 1555, 1557, 1564, 1581, 15","1532, 1555, 1557, 1564, 1601, 16",81
"1056, 1062, 1087, 1097, 1112, 11","1056, 1062, 1087, 1097, 1101, 11",12
"1281, 1292, 1295, 1298, 1315, 13","1281, 1292, 1295, 1298, 1301, 13",15
"1710, 1711, 1728, 1748, 1772, 17","1710, 1711, 1728, 1748, 1801, 18",72
"1056, 1076, 1082, 1097, 1110, 11","1056, 1076, 1082, 1097, 1101, 11",10
"1478, 1495, 1522, 1546, 1558, 15","1478, 1495, 1522, 1546, 1601, 16",58
"1454, 1466, 1484, 1486, 1512, 15","1454, 1466, 1484, 1486, 1501, 15",12
"1656, 1680, 1681, 1696, 1716, 17","1656, 1680, 1681, 1696, 1701, 17",16
"1275, 1283, 1288, 1314, 1341, 13","1275, 1283, 1288, 1314, 1401, 14",41
"1037, 1062, 1066, 1094, 1119, 11","1037, 1062, 1066, 1094, 1101, 11",19
"1098, 1112, 1119, 1142, 1163, 11","1098, 1112, 1119, 1142, 1201, 12",63
"1375, 1390, 1412, 1423, 1429, 14","1375, 1390, 1412, 1423, 1501, 15",29
"1707, 1729, 1742, 1753, 1780, 17","1707, 1729, 1742, 1753, 1801, 18",80
"1094, 1096, 1098, 1112, 1131, 11","1094, 1096, 1098, 1112, 1201, 12",31
"1335, 1355, 1362, 1371, 1397, 13","1335, 1355, 1362, 1371, 1401, 14",97
"1164, 1173, 1174, 1178, 1206, 12","1164, 1173, 1174, 1178, 1201, 12",6
"1571, 1572, 1581, 1597, 1609, 16","1571, 1572, 1581, 1597, 1601, 16",9
"1669, 1676, 1698, 1716, 1724, 17","1669, 1676, 1698, 1716, 1801, 18",24
"1495, 1519, 1540, 1546, 1553, 15","1495, 1519, 1540, 1546, 1601, 16",53
"1375, 1392, 1398, 1412, 1415, 14","1375, 1392, 1398, 1412, 1501, 15",15
"1217, 1220, 1238, 1248, 1266, 12","1217, 1220, 1238, 1248, 1301, 13",66
"1389, 1407, 1431, 1441, 1449, 14","1389, 1407, 1431, 1441, 1501, 15",49
"1098, 1112, 1141, 1163, 1169, 11","1098, 1112, 1141, 1163, 1201, 12",69
"1724, 1749, 1750, 1774, 1790, 17","1724, 1749, 1750, 1774, 1801, 18",90
"1404, 1429, 1436, 1458, 1480, 14","1404, 1429, 1436, 1458, 1501, 15",80
"1326, 1334, 1340, 1363, 1367, 13","1326, 1334, 1340, 1363, 1401, 14",67
"1074, 1085, 1088, 1110, 1137, 11","1074, 1085, 1088, 1110, 1201, 12",37
"1241, 1248, 1273, 1291, 1313, 13","1241, 1248, 1273, 1291, 1301, 13",13
"1575, 1585, 1604, 1620, 1638, 16","1575, 1585, 1604, 1620, 1701, 17",38
"1585, 1593, 1604, 1621, 1630, 16","1585, 1593, 1604, 1621, 1701, 17",30
"1388, 1413, 1441, 1469, 1493, 14","1388, 1413, 1441, 1469, 1501, 15",93
"1203, 1232, 1259, 1288, 1296, 12","1203, 1232, 1259, 1288, 1301, 13",96
"1150, 1178, 1204, 1226, 1232, 12","1150, 1178, 1204, 1226, 1301, 13",32
"1145, 1168, 1181, 1206, 1226, 12","1145, 1168, 1181, 1206, 1301, 13",26
"1677, 1680, 1688, 1710, 1719, 17","1677, 1680, 1688, 1710, 1801, 18",19
"1131, 1138, 1141, 1149, 1164, 11","1131, 1138, 1141, 1149, 1201, 12",64
"1546, 1568, 1592, 1614, 1627, 16","1546, 1568, 1592, 1614, 1701, 17",27
"1425, 1434, 1442, 1458, 1484, 14","1425, 1434, 1442, 1458, 1501, 15",84
"1517, 1532, 1560, 1583, 1596, 15","1517, 1532, 1560, 1583, 1601, 16",96
"1365, 1379, 1404, 1432, 1453, 14","1365, 1379, 1404, 1432, 1501, 15",53
"1403, 1412, 1414, 1423, 1451, 14","1403, 1412, 1414, 1423, 1501, 15",51
"1458, 1459, 1472, 1491, 1512, 15","1458, 1459, 1472, 1491, 1501, 15",12
"1143, 1145, 1147, 1167, 1179, 11","1143, 1145, 1147, 1167, 1201, 12",79
"1029, 1040, 1056, 1072, 1090, 10","1029, 1040, 1056, 1072, 1101, 11",90
"1647, 1674, 1683, 1706, 1718, 17","1647, 1674, 1683, 1706, 1801, 18",18
"1465, 1491, 1515, 1525, 1528, 15","1465, 1491, 1515, 1525, 1601, 16",28
"1187, 1207, 1227, 1242, 1251, 12","1187, 1207, 1227, 1242, 1301, 13",51
"1170, 1177, 1179, 1181, 1205, 12","1170, 1177, 1179, 1181, 1201, 12",5
"1545, 1558, 1570, 1591, 1620, 16","1545, 1558, 1570, 1591, 1601, 16",20
"1721, 1737, 1754, 1763, 1774, 17","1721, 1737, 1754, 1763, 1801, 18",74
"1356, 1373, 1381, 1405, 1428, 14","1356, 1373, 1381, 1405, 1501, 15",28
"1535, 1542, 1553, 1571, 1572, 15","1535, 1542, 1553, 1571, 1601, 16",72
"1557, 1581, 1590, 1604, 1614, 16","1557, 1581, 1590, 1604, 1701, 17",14
"1255, 1257, 1277, 1295, 1317, 13","1255, 1257, 1277, 1295, 1301, 13",17
"1477, 1493, 1498, 1519, 1545, 15","1477, 1493, 1498, 1519, 1601, 16",45
"1580, 1588, 1615, 1619, 1647, 16","1580, 1588, 1615, 1619, 1701, 17",47
"1242, 1264, 1284, 1298, 1320, 13","1242, 1264, 1284, 1298, 1301, 13",20
"1289, 1313, 1340, 1368, 1374, 13","1289, 1313, 1340, 1368, 1401, 14",74
"1021, 1022, 1042, 1060, 1079, 10","1021, 1022, 1042, 1060, 1101, 11",79
"1422, 1436, 1441, 1457, 1471, 14","1422, 1436, 1441, 1457, 1501, 15",71
"1268, 1282, 1292, 1316, 1324, 13","1268, 1282, 1292, 1316, 1401, 14",24
"1133, 1144, 1147, 1170, 1184, 11","1133, 1144, 1147, 1170, 1201, 12",84
"1257, 1263, 1287, 1291, 1296, 12","1257, 1263, 1287, 1291, 1301, 13",96
"1605, 1621, 1632, 1641, 1651, 16","1605, 1621, 1632, 1641, 1701, 17",51
"1170, 1179, 1207, 1217, 1232, 12","1170, 1179, 1207, 1217, 1301, 13",32
"1330, 1335, 1349, 1351, 1355, 13","1330, 1335, 1349, 1351, 1401, 14",55
"1295, 1321, 1327, 1355, 1362, 13","1295, 1321, 1327, 1355, 1401, 14",62
"1095, 1096, 1097, 1112, 1138, 11","1095, 1096, 1097, 1112, 1201, 12",38
"1573, 1576, 1581, 1588, 1605, 16","1573, 1576, 1581, 1588, 1601, 16",5
"1176, 1178, 1205, 1206, 1214, 12","1176, 1178, 1205, 1206, 1301, 13",14
"1348, 1373, 1391, 1412, 1441, 14","1348, 1373, 1391, 1412, 1501, 15",41
"1341, 1347, 1361, 1387, 1411, 14","1341, 1347, 1361, 1387, 1401, 14",11
"1210, 1224, 1225, 1226, 1251, 12","1210, 1224, 1225, 1226, 1301, 13",51
"1452, 1468, 1492, 1516, 1528, 15","1452, 1468, 1492, 1516, 1601, 16",28
"1281, 1290, 1295, 1313, 1320, 13","1281, 1290, 1295, 1313, 1401, 14",20
"1665, 1685, 1712, 1721, 1728, 17","1665, 1685, 1712, 1721, 1801, 18",28
"1633, 1653, 1674, 1676, 1681, 16","1633, 1653, 1674, 1676, 1701, 17",81
"1040, 1064, 1071, 1076, 1088, 10","1040, 1064, 1071, 1076, 1101, 11",88
"1203, 1204, 1230, 1258, 1272, 12","1203, 1204, 1230, 1258, 1301, 13",72
"1234, 1260, 1263, 1279, 1282, 12","1234, 1260, 1263, 1279, 1301, 13",82
"1398, 1404, 1433, 1459, 1460, 14","1398, 1404, 1433, 1459, 1501, 15",60
"1605, 1622, 1627, 1649, 1660, 16","1605, 1622, 1627, 1649, 1701, 17",60
"1435, 1448, 1452, 1477, 1494, 14","1435, 1448, 1452, 1477, 1501, 15",94
"1033, 1057, 1062, 1085, 1090, 10","1033, 1057, 1062, 1085, 1101, 11",90
"1334, 1341, 1346, 1363, 1365, 13","1334, 1341, 1346, 1363, 1401, 14",65
"1485, 1488, 1515, 1542, 1564, 15","1485, 1488, 1515, 1542, 1601, 16",64
"1688, 1709, 1720, 1722, 1725, 17","1688, 1709, 1720, 1722, 1801, 18",25
"1380, 1390, 1393, 1419, 1430, 14","1380, 1390, 1393, 1419, 1501, 15",30
"1182, 1188, 1207, 1229, 1235, 12","1182, 1188, 1207, 1229, 1301, 13",35
"1673, 1691, 1705, 1721, 1725, 17","1673, 1691, 1705, 1721, 1801, 18",25
"1690, 1703, 1729, 1748, 1764, 17","1690, 1703, 1729, 1748, 1801, 18",64
"1078, 1092, 1093, 1094, 1119, 11","1078, 1092, 1093, 1094, 1101, 11",19
"1263, 1282, 1285, 1291, 1293, 12","1263, 1282, 1285, 1291, 1301, 13",93
"1042, 1053, 1057, 1074, 1096, 10","1042, 1053, 1057, 1074, 1101, 11",96
"1030, 1040, 1049, 1052, 1056, 10","1030, 1040, 1049, 1052, 1101, 11",56
"1079, 1089, 1096, 1110, 1135, 11","1079, 1089, 1096, 1110, 1201, 12",35
"1057, 1061, 1079, 1096, 1119, 11","1057, 1061, 1079, 1096, 1101, 11",19
"1259, 1270, 1287, 1290, 1297, 12","1259, 1270, 1287, 1290, 1301, 13",97
"1407, 1429, 1446, 1450, 1465, 14","1407, 1429, 1446, 1450, 1501, 15",65
"1235, 1259, 1272, 1287, 1314, 13","1235, 1259, 1272, 1287, 1301, 13",14
"1464, 1487, 1511, 1514, 1537, 15","1464, 1487, 1511, 1514, 1601, 16",37
"1333, 1342, 1350, 1372, 1389, 13","1333, 1342, 1350, 1372, 1401, 14",89
"1333, 1359, 1384, 1392, 1397, 13","1333, 1359, 1384, 1392, 1401, 14",97
"1135, 1138, 1148, 1166, 1170, 11","1135, 1138, 1148, 1166, 1201, 12",70
"1452, 1463, 1491, 1493, 1497, 14","1452, 1463, 1491, 1493, 1501, 15",97
"1564, 1577, 1602, 1630, 1657, 16","1564, 1577, 1602, 1630, 1701, 17",57
"1572, 1582, 1608, 1609, 1628, 16","1572, 1582, 1608, 1609, 1701, 17",28
"1240, 1242, 1265, 1274, 1284, 12","1240, 1242, 1265, 1274, 1301, 13",84
"1186, 1208, 1228, 1242, 1256, 12","1186, 1208, 1228, 1242, 1301, 13",56
"1143, 1172, 1183, 1202, 1213, 12","1143, 1172, 1183, 1202, 1301, 13",13
"1523, 1534, 1543, 1551, 1562, 15","1523, 1534, 1543, 1551, 1601, 16",62
"1291, 1319, 1338, 1365, 1366, 13","1291, 1319, 1338, 1365, 1401, 14",66
"1167, 1176, 1182, 1208, 1209, 12","1167, 1176, 1182, 1208, 1301, 13",9
"1611, 1635, 1652, 1654, 1681, 16","1611, 1635, 1652, 1654, 1701, 17",81
"1395, 1398, 1415, 1427, 1442, 14","1395, 1398, 1415, 1427, 1501, 15",42
"1744, 1768, 1780, 1788, 1816, 18","1744, 1768, 1780, 1788, 1801, 18",16
"1720, 1740, 1742, 1763, 1764, 17","1720, 1740, 1742, 1763, 1801, 18",64
"1411, 1418, 1426, 1447, 1456, 14","1411, 1418, 1426, 1447, 1501, 15",56
"1460, 1478, 1487, 1516, 1533, 15","1460, 1478, 1487, 1516, 1601, 16",33
"1142, 1169, 1187, 1203, 1211, 12","1142, 1169, 1187, 1203, 1301, 13",11
"1271, 1296, 1310, 1331, 1345, 13","1271, 1296, 1310, 1331, 1401, 14",45
"1282, 1297, 1319, 1328, 1342, 13","1282, 1297, 1319, 1328, 1401, 14",42
"1163, 1176, 1205, 1216, 1238, 12","1163, 1176, 1205, 1216, 1301, 13",38
"1092, 1119, 1136, 1163, 1175, 11","1092, 1119, 1136, 1163, 1201, 12",75
"1351, 1352, 1359, 1365, 1380, 13","1351, 1352, 1359, 1365, 1401, 14",80
"1555, 1557, 1567, 1571, 1588, 15","1555, 1557, 1567, 1571, 1601, 16",88
"1246, 1256, 1258, 1273, 1284, 12","1246, 1256, 1258, 1273, 1301, 13",84
"1344, 1370, 1394, 1395, 1404, 14","1344, 1370, 1394, 1395, 1401, 14",4
"1368, 1397, 1408, 1430, 1431, 14","1368, 1397, 1408, 1430, 1501, 15",31
"1226, 1242, 1245, 1271, 1278, 12","1226, 1242, 1245, 1271, 1301, 13",78
"1755, 1780, 1787, 1788, 1792, 17","1755, 1780, 1787, 1788, 1801, 18",92
"1647, 1670, 1690, 1707, 1730, 17","1647, 1670, 1690, 1707, 1801, 18",30
"1485, 1486, 1514, 1522, 1547, 15","1485, 1486, 1514, 1522, 1601, 16",47
"1172, 1176, 1180, 1188, 1213, 12","1172, 1176, 1180, 1188, 1201, 12",13
"1461, 1481, 1492, 1518, 1544, 15","1461, 1481, 1492, 1518, 1601, 16",44
"1219, 1246, 1272, 1287, 1297, 12","1219, 1246, 1272, 1287, 1301, 13",97
"1087, 1096, 1112, 1141, 1150, 11","1087, 1096, 1112, 1141, 1201, 12",50
"1431, 1456, 1485, 1494, 1523, 15","1431, 1456, 1485, 1494, 1501, 15",23
"1333, 1352, 1374, 1387, 1408, 14","1333, 1352, 1374, 1387, 1401, 14",8
"1244, 1245, 1258, 1270, 1271, 12","1244, 1245, 1258, 1270, 1301, 13",71
"1049, 1063, 1083, 1096, 1110, 11","1049, 1063, 1083, 1096, 1101, 11",10
"1722, 1748, 1750, 1774, 1789, 17","1722, 1748, 1750, 1774, 1801, 18",89
"1558, 1586, 1615, 1629, 1637, 16","1558, 1586, 1615, 1629, 1701, 17",37
"1331, 1343, 1348, 1359, 1362, 13","1331, 1343, 1348, 1359, 1401, 14",62
"1062, 1073, 1096, 1112, 1134, 11","1062, 1073, 1096, 1112, 1201, 12",34
"1627, 1642, 1651, 1665, 1668, 16","1627, 1642, 1651, 1665, 1701, 17",68
"1437, 1450, 1456, 1473, 1483, 14","1437, 1450, 1456, 1473, 1501, 15",83
"1023, 1052, 1081, 1084, 1092, 10","1023, 1052, 1081, 1084, 1101, 11",92
"1160, 1163, 1167, 1185, 1204, 12","1160, 1163, 1167, 1185, 1201, 12",4
"1648, 1677, 1678, 1702, 1726, 17","1648, 1677, 1678, 1702, 1801, 18",26
"1160, 1165, 1179, 1180, 1205, 12","1160, 1165, 1179, 1180, 1201, 12",5
"1242, 1256, 1264, 1265, 1289, 12","1242, 1256, 1264, 1265, 1301, 13",89
"1249, 1259, 1283, 1296, 1318, 13","1249, 1259, 1283, 1296, 1301, 13",18
"1160, 1183, 1186, 1208, 1212, 12","1160, 1183, 1186, 1208, 1301, 13",12
"1747, 1749, 1766, 1774, 1779, 17","1747, 1749, 1766, 1774, 1801, 18",79
"1150, 1175, 1180, 1182, 1187, 11","1150, 1175, 1180, 1182, 1201, 12",87
"1749, 1767, 1781, 1794, 1814, 18","1749, 1767, 1781, 1794, 1801, 18",14
"1291, 1297, 1298, 1315, 1335, 13","1291, 1297, 1298, 1315, 1401, 14",35
"1225, 1231, 1235, 1264, 1290, 12","1225, 1231, 1235, 1264, 1301, 13",90
"1396, 1423, 1428, 1442, 1444, 14","1396, 1423, 1428, 1442, 1501, 15",44
"1087, 1097, 1110, 1132, 1142, 11","1087, 1097, 1110, 1132, 1201, 12",42
"1552, 1553, 1562, 1576, 1604, 16","1552, 1553, 1562, 1576, 1601, 16",4
"1312, 1322, 1327, 1349, 1370, 13","1312, 1322, 1327, 1349, 1401, 14",70
"1702, 1718, 1729, 1746, 1752, 17","1702, 1718, 1729, 1746, 1801, 18",52
"1284, 1291, 1310, 1333, 1347, 13","1284, 1291, 1310, 1333, 1401, 14",47
"1066, 1093, 1110, 1132, 1136, 11","1066, 1093, 1110, 1132, 1201, 12",36
"1532, 1535, 1550, 1563, 1584, 15","1532, 1535, 1550, 1563, 1601, 16",84
"1087, 1096, 1110, 1139, 1147, 11","1087, 1096, 1110, 1139, 1201, 12",47
"1139, 1140, 1148, 1173, 1185, 11","1139, 1140, 1148, 1173, 1201, 12",85
"1404, 1429, 1432, 1461, 1488, 14","1404, 1429, 1432, 1461, 1501, 15",88
"1395, 1416, 1421, 1441, 1454, 14","1395, 1416, 1421, 1441, 1501, 15",54
"1469, 1475, 1495, 1518, 1519, 15","1469, 1475, 1495, 1518, 1601, 16",19
"1380, 1396, 1424, 1445, 1456, 14","1380, 1396, 1424, 1445, 1501, 15",56
"1068, 1087, 1094, 1112, 1135, 11","1068, 1087, 1094, 1112, 1201, 12",35
"1165, 1176, 1179, 1187, 1214, 12","1165, 1176, 1179, 1187, 1201, 12",14
"1093, 1094, 1096, 1110, 1138, 11","1093, 1094, 1096, 1110, 1201, 12",38
"1585, 1603, 1618, 1647, 1662, 16","1585, 1603, 1618, 1647, 1701, 17",62
"1698, 1702, 1708, 1734, 1735, 17","1698, 1702, 1708, 1734, 1801, 18",35
"1604, 1625, 1650, 1654, 1678, 16","1604, 1625, 1650, 1654, 1701, 17",78
"1389, 1407, 1411, 1412, 1413, 14","1389, 1407, 1411, 1412, 1501, 15",13
"1683, 1711, 1726, 1747, 1776, 17","1683, 1711, 1726, 1747, 1801, 18",76
"1543, 1555, 1567, 1589, 1605, 16","1543, 1555, 1567, 1589, 1601, 16",5
"1461, 1489, 1511, 1527, 1534, 15","1461, 1489, 1511, 1527, 1601, 16",34
"1051, 1058, 1078, 1082, 1083, 10","1051, 1058, 1078, 1082, 1101, 11",83
"1539, 1565, 1572, 1576, 1577, 15","1539, 1565, 1572, 1576, 1601, 16",77
"1084, 1091, 1093, 1095, 1097, 10","1084, 1091, 1093, 1095, 1101, 11",97
"1281, 1290, 1318, 1346, 1362, 13","1281, 1290, 1318, 1346, 1401, 14",62
"1726, 1738, 1767, 1769, 1774, 17","1726, 1738, 1767, 1769, 1801, 18",74
"1245, 1248, 1274, 1290, 1296, 12","1245, 1248, 1274, 1290, 1301, 13",96
"1541, 1545, 1566, 1581, 1590, 15","1541, 1545, 1566, 1581, 1601, 16",90
"1044, 1051, 1077, 1084, 1093, 10","1044, 1051, 1077, 1084, 1101, 11",93
"1374, 1381, 1408, 1436, 1443, 14","1374, 1381, 1408, 1436, 1501, 15",43
"1429, 1446, 1452, 1474, 1490, 14","1429, 1446, 1452, 1474, 1501, 15",90
"1140, 1163, 1176, 1186, 1207, 12","1140, 1163, 1176, 1186, 1201, 12",7
"1148, 1169, 1180, 1181, 1203, 12","1148, 1169, 1180, 1181, 1201, 12",3
"1602, 1617, 1632, 1644, 1666, 16","1602, 1617, 1632, 1644, 1701, 17",66
"1621, 1628, 1656, 1660, 1689, 16","1621, 1628, 1656, 1660, 1701, 17",89
"1418, 1430, 1452, 1458, 1464, 14","1418, 1430, 1452, 1458, 1501, 15",64
"1088, 1091, 1097, 1119, 1142, 11","1088, 1091, 1097, 1119, 1201, 12",42
"1666, 1681, 1686, 1715, 1740, 17","1666, 1681, 1686, 1715, 1801, 18",40
"1407, 1421, 1448, 1453, 1460, 14","1407, 1421, 1448, 1453, 1501, 15",60
"1543, 1565, 1568, 1595, 1617, 16","1543, 1565, 1568, 1595, 1601, 16",17
"1454, 1459, 1466, 1476, 1493, 14","1454, 1459, 1466, 1476, 1501, 15",93
"1388, 1409, 1418, 1443, 1462, 14","1388, 1409, 1418, 1443, 1501, 15",62
"1206, 1229, 1238, 1265, 1294, 12","1206, 1229, 1238, 1265, 1301, 13",94
"1745, 1747, 1755, 1767, 1775, 17","1745, 1747, 1755, 1767, 1801, 18",75
"1544, 1555, 1577, 1604, 1618, 16","1544, 1555, 1577, 1604, 1701, 17",18
"1336, 1362, 1363, 1386, 1397, 13","1336, 1362, 1363, 1386, 1401, 14",97
"1778, 1781, 1782, 1792, 1814, 18","1778, 1781, 1782, 1792, 1801, 18",14
"1177, 1184, 1206, 1219, 1228, 12","1177, 1184, 1206, 1219, 1301, 13",28
"1176, 1186, 1207, 1217, 1236, 12","1176, 1186, 1207, 1217, 1301, 13",36
"1674, 1678, 1687, 1691, 1692, 16","1674, 1678, 1687, 1691, 1701, 17",92
"1040, 1043, 1072, 1088, 1091, 10","1040, 1043, 1072, 1088, 1101, 11",91
"1478, 1480, 1493, 1496, 1520, 15","1478, 1480, 1493, 1496, 1501, 15",20
"1403, 1406, 1413, 1430, 1447, 14","1403, 1406, 1413, 1430, 1501, 15",47
"1460, 1475, 1478, 1494, 1512, 15","1460, 1475, 1478, 1494, 1501, 15",12
"1468, 1493, 1521, 1531, 1532, 15","1468, 1493, 1521, 1531, 1601, 16",32
"1210, 1239, 1257, 1266, 1272, 12","1210, 1239, 1257, 1266, 1301, 13",72
"1529, 1531, 1550, 1563, 1590, 15","1529, 1531, 1550, 1563, 1601, 16",90
"1744, 1763, 1767, 1771, 1774, 17","1744, 1763, 1767, 1771, 1801, 18",74
"1140, 1141, 1170, 1179, 1203, 12","1140, 1141, 1170, 1179, 1201, 12",3
"1637, 1639, 1652, 1655, 1666, 16","1637, 1639, 1652, 1655, 1701, 17",66
"1549, 1572, 1578, 1583, 1611, 16","1549, 1572, 1578, 1583, 1601, 16",11
"1674, 1696, 1698, 1712, 1714, 17","1674, 1696, 1698, 1712, 1801, 18",14
"1026, 1043, 1072, 1095, 1110, 11","1026, 1043, 1072, 1095, 1101, 11",10
"1407, 1425, 1432, 1453, 1464, 14","1407, 1425, 1432, 1453, 1501, 15",64
"1672, 1678, 1698, 1712, 1716, 17","1672, 1678, 1698, 1712, 1801, 18",16
"1311, 1313, 1325, 1340, 1366, 13","1311, 1313, 1325, 1340, 1401, 14",66
"1405, 1422, 1425, 1453, 1475, 14","1405, 1422, 1425, 1453, 1501, 15",75
"1689, 1696, 1704, 1722, 1723, 17","1689, 1696, 1704, 1722, 1801, 18",23
"1769, 1773, 1780, 1782, 1805, 18","1769, 1773, 1780, 1782, 1801, 18",5
"1171, 1178, 1182, 1210, 1216, 12","1171, 1178, 1182, 1210, 1301, 13",16
"1134, 1146, 1170, 1173, 1180, 11","1134, 1146, 1170, 1173, 1201, 12",80
"1564, 1592, 1615, 1644, 1660, 16","1564, 1592, 1615, 1644, 1701, 17",60
"1408, 1421, 1443, 1461, 1480, 14","1408, 1421, 1443, 1461, 1501, 15",80
"1406, 1415, 1419, 1422, 1448, 14","1406, 1415, 1419, 1422, 1501, 15",48
"1385, 1391, 1396, 1425, 1451, 14","1385, 1391, 1396, 1425, 1501, 15",51
"1563, 1582, 1586, 1587, 1597, 15","1563, 1582, 1586, 1587, 1601, 16",97
"1696, 1725, 1752, 1765, 1784, 17","1696, 1725, 1752, 1765, 1801, 18",84
"1764, 1788, 1793, 1797, 1826, 18","1764, 1788, 1793, 1797, 1801, 18",26
"1577, 1605, 1629, 1649, 1654, 16","1577, 1605, 1629, 1649, 1701, 17",54
"1528, 1554, 1579, 1608, 1636, 16","1528, 1554, 1579, 1608, 1701, 17",36
"1709, 1726, 1730, 1758, 1777, 17","1709, 1726, 1730, 1758, 1801, 18",77
"1458, 1463, 1469, 1484, 1495, 14","1458, 1463, 1469, 1484, 1501, 15",95
"1629, 1652, 1665, 1675, 1693, 16","1629, 1652, 1665, 1675, 1701, 17",93
"1083, 1088, 1090, 1098, 1112, 11","1083, 1088, 1090, 1098, 1101, 11",12
"1633, 1660, 1680, 1684, 1691, 16","1633, 1660, 1680, 1684, 1701, 17",91
"1476, 1482, 1493, 1496, 1521, 15","1476, 1482, 1493, 1496, 1501, 15",21
"1232, 1257, 1262, 1276, 1294, 12","1232, 1257, 1262, 1276, 1301, 13",94
"1147, 1168, 1182, 1183, 1185, 11","1147, 1168, 1182, 1183, 1201, 12",85
"1461, 1465, 1477, 1494, 1516, 15","1461, 1465, 1477, 1494, 1501, 15",16
"1052, 1069, 1095, 1112, 1138, 11","1052, 1069, 1095, 1112, 1201, 12",38
"1413, 1428, 1456, 1465, 1486, 14","1413, 1428, 1456, 1465, 1501, 15",86
"1028, 1051, 1054, 1081, 1090, 10","1028, 1051, 1054, 1081, 1101, 11",90
"1170, 1183, 1203, 1223, 1234, 12","1170, 1183, 1203, 1223, 1301, 13",34
"1044, 1059, 1068, 1075, 1082, 10","1044, 1059, 1068, 1075, 1101, 11",82
"1702, 1715, 1729, 1734, 1744, 17","1702, 1715, 1729, 1734, 1801, 18",44
"1635, 1659, 1682, 1687, 1706, 17","1635, 1659, 1682, 1687, 1701, 17",6
"1204, 1227, 1234, 1257, 1276, 12","1204, 1227, 1234, 1257, 1301, 13",76
"1028, 1040, 1066, 1092, 1097, 10","1028, 1040, 1066, 1092, 1101, 11",97
"1686, 1710, 1718, 1719, 1735, 17","1686, 1710, 1718, 1719, 1801, 18",35
"1317, 1321, 1342, 1346, 1354, 13","1317, 1321, 1342, 1346, 1401, 14",54
"1474, 1495, 1514, 1531, 1556, 15","1474, 1495, 1514, 1531, 1601, 16",56
"1092, 1098, 1112, 1139, 1150, 11","1092, 1098, 1112, 1139, 1201, 12",50
"1069, 1089, 1097, 1098, 1119, 11","1069, 1089, 1097, 1098, 1101, 11",19
"1707, 1720, 1742, 1768, 1786, 17","1707, 1720, 1742, 1768, 1801, 18",86
"1262, 1275, 1292, 1313, 1333, 13","1262, 1275, 1292, 1313, 1401, 14",33
"1544, 1549, 1551, 1561, 1573, 15","1544, 1549, 1551, 1561, 1601, 16",73
"1697, 1714, 1720, 1721, 1722, 17","1697, 1714, 1720, 1721, 1801, 18",22
"1060, 1067, 1077, 1085, 1092, 10","1060, 1067, 1077, 1085, 1101, 11",92
"1623, 1642, 1664, 1678, 1695, 16","1623, 1642, 1664, 1678, 1701, 17",95
"1466, 1493, 1513, 1521, 1542, 15","1466, 1493, 1513, 1521, 1601, 16",42
"1203, 1219, 1230, 1231, 1245, 12","1203, 1219, 1230, 1231, 1301, 13",45
"1460, 1484, 1488, 1498, 1510, 15","1460, 1484, 1488, 1498, 1501, 15",10
"1560, 1568, 1571, 1593, 1615, 16","1560, 1568, 1571, 1593, 1601, 16",15
"1708, 1724, 1741, 1743, 1758, 17","1708, 1724, 1741, 1743, 1801, 18",58
"1721, 1737, 1761, 1764, 1768, 17","1721, 1737, 1761, 1764, 1801, 18",68
"1374, 1394, 1398, 1426, 1451, 14","1374, 1394, 1398, 1426, 1501, 15",51
"1364, 1390, 1397, 1415, 1444, 14","1364, 1390, 1397, 1415, 1501, 15",44
"1737, 1742, 1745, 1760, 1785, 17","1737, 1742, 1745, 1760, 1801, 18",85
"1660, 1668, 1672, 1676, 1705, 17","1660, 1668, 1672, 1676, 1701, 17",5
"1167, 1172, 1185, 1206, 1208, 12","1167, 1172, 1185, 1206, 1301, 13",8
"1679, 1693, 1713, 1719, 1732, 17","1679, 1693, 1713, 1719, 1801, 18",32
"1368, 1378, 1380, 1384, 1391, 13","1368, 1378, 1380, 1384, 1401, 14",91
"1065, 1090, 1119, 1147, 1161, 11","1065, 1090, 1119, 1147, 1201, 12",61
"1274, 1298, 1315, 1321, 1324, 13","1274, 1298, 1315, 1321, 1401, 14",24
"1497, 1518, 1528, 1550, 1566, 15","1497, 1518, 1528, 1550, 1601, 16",66
"1713, 1727, 1756, 1769, 1770, 17","1713, 1727, 1756, 1769, 1801, 18",70
"1256, 1266, 1278, 1279, 1292, 12","1256, 1266, 1278, 1279, 1301, 13",92
"1141, 1148, 1150, 1174, 1177, 11","1141, 1148, 1150, 1174, 1201, 12",77
"1555, 1567, 1571, 1573, 1576, 15","1555, 1567, 1571, 1573, 1601, 16",76
"1339, 1365, 1367, 1377, 1403, 14","1339, 1365, 1367, 1377, 1401, 14",3
"1624, 1638, 1644, 1661, 1673, 16","1624, 1638, 1644, 1661, 1701, 17",73
"1545, 1567, 1587, 1595, 1616, 16","1545, 1567, 1587, 1595, 1601, 16",16
"1583, 1608, 1622, 1643, 1672, 16","1583, 1608, 1622, 1643, 1701, 17",72
"1042, 1059, 1066, 1078, 1091, 10","1042, 1059, 1066, 1078, 1101, 11",91
"1043, 1060, 1089, 1093, 1096, 10","1043, 1060, 1089, 1093, 1101, 11",96
"1413, 1420, 1442, 1446, 1465, 14","1413, 1420, 1442, 1446, 1501, 15",65
"1182, 1206, 1218, 1247, 1268, 12","1182, 1206, 1218, 1247, 1301, 13",68
"1140, 1142, 1145, 1146, 1150, 11","1140, 1142, 1145, 1146, 1201, 12",50
"1591, 1592, 1608, 1624, 1647, 16","1591, 1592, 1608, 1624, 1701, 17",47
"1548, 1575, 1586, 1613, 1619, 16","1548, 1575, 1586, 1613, 1701, 17",19
"1039, 1054, 1082, 1097, 1119, 11","1039, 1054, 1082, 1097, 1101, 11",19
"1733, 1759, 1775, 1788, 1814, 18","1733, 1759, 1775, 1788, 1801, 18",14
"1590, 1607, 1626, 1630, 1634, 16","1590, 1607, 1626, 1630, 1701, 17",34
"1320, 1323, 1331, 1354, 1359, 13","1320, 1323, 1331, 1354, 1401, 14",59
"1176, 1183, 1205, 1229, 1257, 12","1176, 1183, 1205, 1229, 1301, 13",57
"1274, 1282, 1291, 1318, 1345, 13","1274, 1282, 1291, 1318, 1401, 14",45
"1119, 1138, 1167, 1186, 1205, 12","1119, 1138, 1167, 1186, 1201, 12",5
"1738, 1747, 1749, 1772, 1792, 17","1738, 1747, 1749, 1772, 1801, 18",92
"1174, 1188, 1203, 1216, 1224, 12","1174, 1188, 1203, 1216, 1301, 13",24
"1685, 1692, 1706, 1718, 1742, 17","1685, 1692, 1706, 1718, 1801, 18",42
"1666, 1669, 1672, 1684, 1712, 17","1666, 1669, 1672, 1684, 1701, 17",12
"1223, 1228, 1256, 1279, 1283, 12","1223, 1228, 1256, 1279, 1301, 13",83
"1658, 1677, 1691, 1695, 1708, 17","1658, 1677, 1691, 1695, 1701, 17",8
"1731, 1736, 1756, 1760, 1786, 17","1731, 1736, 1756, 1760, 1801, 18",86
"1585, 1590, 1617, 1643, 1657, 16","1585, 1590, 1617, 1643, 1701, 17",57
"1145, 1171, 1176, 1180, 1202, 12","1145, 1171, 1176, 1180, 1201, 12",2
"1096, 1110, 1136, 1165, 1176, 11","1096, 1110, 1136, 1165, 1201, 12",76
"1094, 1110, 1119, 1142, 1170, 11","1094, 1110, 1119, 1142, 1201, 12",70
"1272, 1294, 1317, 1338, 1340, 13","1272, 1294, 1317, 1338, 1401, 14",40
"1368, 1384, 1406, 1419, 1445, 14","1368, 1384, 1406, 1419, 1501, 15",45
"1656, 1684, 1696, 1712, 1739, 17","1656, 1684, 1696, 1712, 1801, 18",39
"1242, 1269, 1285, 1294, 1323, 13","1242, 1269, 1285, 1294, 1301, 13",23
"1609, 1611, 1638, 1646, 1670, 16","1609, 1611, 1638, 1646, 1701, 17",70
"1178, 1184, 1208, 1234, 1261, 12","1178, 1184, 1208, 1234, 1301, 13",61
"1431, 1446, 1458, 1462, 1465, 14","1431, 1446, 1458, 1462, 1501, 15",65
"1565, 1571, 1575, 1581, 1602, 16","1565, 1571, 1575, 1581, 1601, 16",2
"1027, 1044, 1047, 1060, 1085, 10","1027, 1044, 1047, 1060, 1101, 11",85
"1417, 1426, 1444, 1451, 1480, 14","1417, 1426, 1444, 1451, 1501, 15",80
"1625, 1650, 1654, 1680, 1681, 16","1625, 1650, 1654, 1680, 1701, 17",81
"1702, 1713, 1730, 1745, 1760, 17","1702, 1713, 1730, 1745, 1801, 18",60
"1365, 1381, 1404, 1405, 1414, 14","1365, 1381, 1404, 1405, 1501, 15",14
"1205, 1207, 1227, 1242, 1266, 12","1205, 1207, 1227, 1242, 1301, 13",66
"1150, 1160, 1167, 1169, 1171, 11","1150, 1160, 1167, 1169, 1201, 12",71
"1769, 1776, 1789, 1797, 1804, 18","1769, 1776, 1789, 1797, 1801, 18",4
"1680, 1692, 1710, 1717, 1745, 17","1680, 1692, 1710, 1717, 1801, 18",45
"1074, 1078, 1088, 1110, 1133, 11","1074, 1078, 1088, 1110, 1201, 12",33
"1207, 1227, 1253, 1265, 1274, 12","1207, 1227, 1253, 1265, 1301, 13",74
"1350, 1360, 1388, 1396, 1417, 14","1350, 1360, 1388, 1396, 1401, 14",17
"1394, 1405, 1428, 1431, 1438, 14","1394, 1405, 1428, 1431, 1501, 15",38
"1331, 1352, 1372, 1386, 1403, 14","1331, 1352, 1372, 1386, 1401, 14",3
"1739, 1741, 1743, 1761, 1789, 17","1739, 1741, 1743, 1761, 1801, 18",89
"1663, 1671, 1688, 1696, 1709, 17","1663, 1671, 1688, 1696, 1701, 17",9
"1366, 1367, 1393, 1409, 1433, 14","1366, 1367, 1393, 1409, 1501, 15",33
"1664, 1677, 1684, 1707, 1721, 17","1664, 1677, 1684, 1707, 1801, 18",21
"1317, 1323, 1352, 1373, 1385, 13","1317, 1323, 1352, 1373, 1401, 14",85
"1493, 1514, 1528, 1544, 1571, 15","1493, 1514, 1528, 1544, 1601, 16",71
"1454, 1462, 1484, 1489, 1515, 15","1454, 1462, 1484, 1489, 1501, 15",15
"1650, 1668, 1696, 1716, 1727, 17","1650, 1668, 1696, 1716, 1801, 18",27
"1161, 1166, 1168, 1186, 1203, 12","1161, 1166, 1168, 1186, 1201, 12",3
"1594, 1623, 1632, 1660, 1674, 16","1594, 1623, 1632, 1660, 1701, 17",74
"1460, 1479, 1487, 1514, 1521, 15","1460, 1479, 1487, 1514, 1601, 16",21
"1067, 1075, 1089, 1096, 1110, 11","1067, 1075, 1089, 1096, 1101, 11",10
"1439, 1442, 1450, 1455, 1458, 14","1439, 1442, 1450, 1455, 1501, 15",58
"1727, 1738, 1753, 1766, 1768, 17","1727, 1738, 1753, 1766, 1801, 18",68
"1185, 1204, 1206, 1231, 1243, 12","1185, 1204, 1206, 1231, 1301, 13",43
"1095, 1098, 1119, 1146, 1160, 11","1095, 1098, 1119, 1146, 1201, 12",60
"1313, 1328, 1338, 1345, 1356, 13","1313, 1328, 1338, 1345, 1401, 14",56
"1482, 1492, 1518, 1521, 1538, 15","1482, 1492, 1518, 1521, 1601, 16",38
"1555, 1572, 1576, 1587, 1604, 16","1555, 1572, 1576, 1587, 1601, 16",4
"1406, 1411, 1433, 1436, 1442, 14","1406, 1411, 1433, 1436, 1501, 15",42
"1391, 1410, 1420, 1439, 1451, 14","1391, 1410, 1420, 1439, 1501, 15",51
"1213, 1238, 1249, 1267, 1274, 12","1213, 1238, 1249, 1267, 1301, 13",74
"1670, 1684, 1692, 1714, 1722, 17","1670, 1684, 1692, 1714, 1801, 18",22
"1613, 1636, 1649, 1661, 1666, 16","1613, 1636, 1649, 1661, 1701, 17",66
"1607, 1621, 1640, 1662, 1686, 16","1607, 1621, 1640, 1662, 1701, 17",86
"1088, 1092, 1097, 1110, 1137, 11","1088, 1092, 1097, 1110, 1201, 12",37
"1738, 1739, 1751, 1759, 1761, 17","1738, 1739, 1751, 1759, 1801, 18",61
"1473, 1485, 1487, 1513, 1522, 15","1473, 1485, 1487, 1513, 1601, 16",22
"1176, 1183, 1186, 1202, 1214, 12","1176, 1183, 1186, 1202, 1301, 13",14
"1342, 1359, 1381, 1397, 1422, 14","1342, 1359, 1381, 1397, 1401, 14",22
"1033, 1043, 1071, 1092, 1112, 11","1033, 1043, 1071, 1092, 1101, 11",12
"1271, 1287, 1292, 1298, 1326, 13","1271, 1287, 1292, 1298, 1301, 13",26
"1382, 1405, 1422, 1450, 1474, 14","1382, 1405, 1422, 1450, 1501, 15",74
